timestamp,soil_moisture,air_temperature,air_humidity,VPD,hour_sin,hour_cos,soil_diff_1,soil_diff_3,growth_stage
2026-01-27 14:00:00,63.0,34.2,61.0,2.0977246730689765,-0.4999999999999997,-0.8660254037844388,3.0,20.0,0
2026-01-27 14:20:00,64.0,32.4,67.0,1.6048926953574476,-0.4999999999999997,-0.8660254037844388,1.0,6.0,0
2026-01-27 14:30:00,63.0,30.8,72.0,1.2436735077314225,-0.4999999999999997,-0.8660254037844388,-1.0,3.0,0
2026-01-27 14:50:00,66.0,31.0,65.0,1.572407287891504,-0.4999999999999997,-0.8660254037844388,3.0,3.0,0
2026-01-27 15:00:00,66.0,30.2,67.0,1.4163544040196334,-0.7071067811865471,-0.7071067811865479,0.0,2.0,0
2026-01-27 15:20:00,66.0,29.9,74.0,1.0968849830978895,-0.7071067811865471,-0.7071067811865479,0.0,3.0,0
2026-01-27 15:30:00,68.0,29.9,74.0,1.0968849830978895,-0.7071067811865471,-0.7071067811865479,2.0,2.0,0
2026-01-27 15:50:00,68.0,30.8,74.0,1.1548396857506065,-0.7071067811865471,-0.7071067811865479,0.0,2.0,0
2026-01-27 16:10:00,68.0,29.3,71.0,1.1819382696706855,-0.8660254037844385,-0.5000000000000004,0.0,2.0,0
2026-01-27 16:20:00,68.0,30.7,65.0,1.5457501616641673,-0.8660254037844385,-0.5000000000000004,0.0,0.0,0
2026-01-27 16:40:00,69.0,29.4,71.0,1.1887703647009857,-0.8660254037844385,-0.5000000000000004,1.0,1.0,0
2026-01-27 16:50:00,70.0,29.2,70.0,1.2156624381747156,-0.8660254037844385,-0.5000000000000004,1.0,2.0,0
2026-01-27 17:10:00,71.0,29.4,72.0,1.1477782831595724,-0.9659258262890683,-0.25881904510252063,1.0,3.0,0
2026-01-27 17:20:00,94.0,28.0,71.0,1.0961798055586263,-0.9659258262890683,-0.25881904510252063,23.0,25.0,0
2026-01-27 17:40:00,94.0,28.7,75.0,0.984188375737431,-0.9659258262890683,-0.25881904510252063,0.0,24.0,0
2026-01-27 17:50:00,93.0,28.9,77.0,0.9159950481020935,-0.9659258262890683,-0.25881904510252063,-1.0,22.0,0
2026-01-27 18:10:00,93.0,27.0,76.0,0.855681642194603,-1.0,-1.8369701987210297e-16,0.0,-1.0,0
2026-01-27 18:20:00,93.0,27.3,80.0,0.7257147691987726,-1.0,-1.8369701987210297e-16,0.0,-1.0,0
2026-01-27 18:40:00,93.0,27.5,80.0,0.7342540418583403,-1.0,-1.8369701987210297e-16,0.0,0.0,0
2026-01-27 18:50:00,88.0,26.5,84.0,0.5539331774076519,-1.0,-1.8369701987210297e-16,-5.0,-5.0,0
2026-01-27 19:10:00,87.0,27.2,82.0,0.6493298944545924,-0.9659258262890684,0.2588190451025203,-1.0,-6.0,0
2026-01-27 19:20:00,87.0,27.2,79.0,0.7575515435303575,-0.9659258262890684,0.2588190451025203,0.0,-6.0,0
2026-01-27 19:40:00,87.0,27.3,78.0,0.79828624611865,-0.9659258262890684,0.2588190451025203,0.0,-1.0,0
2026-01-27 19:50:00,87.0,27.9,77.0,0.8643347355010227,-0.9659258262890684,0.2588190451025203,0.0,0.0,0
2026-01-27 20:40:00,83.0,27.9,80.0,0.7515954221748022,-0.8660254037844386,0.5000000000000001,-4.0,-4.0,0
2026-01-27 21:00:00,58.0,27.1,82.0,0.6455359019431901,-0.7071067811865477,0.7071067811865474,-25.0,-29.0,0
2026-01-27 21:10:00,58.0,27.8,80.0,0.7472269881514411,-0.7071067811865477,0.7071067811865474,0.0,-29.0,0
2026-01-27 21:30:00,58.0,27.9,79.0,0.7891751932835427,-0.7071067811865477,0.7071067811865474,0.0,-25.0,0
2026-01-27 21:40:00,58.0,27.8,73.0,1.0087564340044457,-0.7071067811865477,0.7071067811865474,0.0,0.0,0
2026-01-27 22:00:00,57.0,27.8,76.0,0.8966723857817294,-0.5000000000000004,0.8660254037844384,-1.0,-1.0,0
2026-01-27 22:10:00,57.0,26.0,76.0,0.8067455588646153,-0.5000000000000004,0.8660254037844384,0.0,-1.0,0
2026-01-27 22:30:00,57.0,26.8,76.0,0.8456927022743828,-0.5000000000000004,0.8660254037844384,0.0,-1.0,0
2026-01-27 22:40:00,57.0,26.6,77.0,0.8009802650348798,-0.5000000000000004,0.8660254037844384,0.0,0.0,0
2026-01-27 23:00:00,57.0,26.5,78.0,0.7616581189355216,-0.25881904510252157,0.9659258262890681,0.0,0.0,0
2026-01-27 23:10:00,57.0,26.0,78.0,0.7395167622925638,-0.25881904510252157,0.9659258262890681,0.0,0.0,0
2026-01-27 23:30:00,57.0,26.3,79.0,0.718518080250226,-0.25881904510252157,0.9659258262890681,0.0,0.0,0
2026-01-27 23:40:00,57.0,26.9,80.0,0.7088953341618067,-0.25881904510252157,0.9659258262890681,0.0,0.0,0
2026-01-28 00:00:00,57.0,26.4,79.0,0.7227667512509601,0.0,1.0,0.0,0.0,0
2026-01-28 00:10:00,57.0,26.7,80.0,0.7006136969668697,0.0,1.0,0.0,0.0,0
2026-01-28 00:30:00,57.0,26.0,80.0,0.6722879657205127,0.0,1.0,0.0,0.0,0
2026-01-28 00:40:00,57.0,26.9,82.0,0.6380058007456264,0.0,1.0,0.0,0.0,0
2026-01-28 01:00:00,57.0,26.7,83.0,0.5955216424218395,0.25881904510252074,0.9659258262890683,0.0,0.0,0
2026-01-28 01:10:00,57.0,25.1,84.0,0.5098713219528039,0.25881904510252074,0.9659258262890683,0.0,0.0,0
2026-01-28 01:30:00,57.0,25.8,85.0,0.4982853792522506,0.25881904510252074,0.9659258262890683,0.0,0.0,0
2026-01-28 01:40:00,57.0,25.8,86.0,0.4650663539687674,0.25881904510252074,0.9659258262890683,0.0,0.0,0
2026-01-28 02:00:00,57.0,25.3,87.0,0.4192275867924442,0.49999999999999994,0.8660254037844387,0.0,0.0,0
2026-01-28 02:10:00,57.0,25.4,87.0,0.42172549096062806,0.49999999999999994,0.8660254037844387,0.0,0.0,0
2026-01-28 02:30:00,56.0,25.5,86.0,0.45686992670542814,0.49999999999999994,0.8660254037844387,-1.0,-1.0,0
2026-01-28 02:40:00,58.0,25.4,86.0,0.4541659133422149,0.49999999999999994,0.8660254037844387,2.0,1.0,0
2026-01-28 03:00:00,57.0,25.8,87.0,0.43184732868528375,0.7071067811865476,0.7071067811865476,-1.0,0.0,0
2026-01-28 03:10:00,57.0,25.6,89.0,0.3611048286754621,0.7071067811865476,0.7071067811865476,0.0,1.0,0
2026-01-28 03:30:00,57.0,25.5,88.0,0.39160279431893796,0.7071067811865476,0.7071067811865476,0.0,-1.0,0
2026-01-28 03:40:00,57.0,24.2,89.0,0.3321918400081594,0.7071067811865476,0.7071067811865476,0.0,0.0,0
2026-01-28 04:00:00,57.0,24.5,90.0,0.30746490508815905,0.8660254037844386,0.5000000000000001,0.0,0.0,0
2026-01-28 04:10:00,58.0,24.3,90.0,0.3038071715221542,0.8660254037844386,0.5000000000000001,1.0,1.0,0
2026-01-28 04:30:00,58.0,24.0,90.0,0.29839174771655586,0.8660254037844386,0.5000000000000001,0.0,1.0,0
2026-01-28 04:40:00,57.0,24.0,90.0,0.29839174771655586,0.8660254037844386,0.5000000000000001,-1.0,0.0,0
2026-01-28 05:00:00,57.0,24.0,90.0,0.29839174771655586,0.9659258262890683,0.25881904510252074,0.0,-1.0,0
2026-01-28 05:20:00,57.0,24.5,90.0,0.30746490508815905,0.9659258262890683,0.25881904510252074,0.0,-1.0,0
2026-01-28 05:30:00,57.0,24.7,90.0,0.3111609911116253,0.9659258262890683,0.25881904510252074,0.0,0.0,0
2026-01-28 05:50:00,57.0,24.7,89.0,0.3422770902227876,0.9659258262890683,0.25881904510252074,0.0,0.0,0
2026-01-28 06:00:00,57.0,24.1,90.0,0.3001874544343157,1.0,6.123233995736766e-17,0.0,0.0,0
2026-01-28 06:20:00,57.0,24.1,90.0,0.3001874544343157,1.0,6.123233995736766e-17,0.0,0.0,0
2026-01-28 06:30:00,57.0,24.3,90.0,0.3038071715221542,1.0,6.123233995736766e-17,0.0,0.0,0
2026-01-28 06:50:00,57.0,24.5,90.0,0.30746490508815905,1.0,6.123233995736766e-17,0.0,0.0,0
2026-01-28 07:00:00,56.0,24.1,90.0,0.3001874544343157,0.9659258262890683,-0.25881904510252063,-1.0,-1.0,0
2026-01-28 07:20:00,56.0,24.6,91.0,0.2783773196570287,0.9659258262890683,-0.25881904510252063,0.0,-1.0,0
2026-01-28 07:30:00,56.0,25.5,89.0,0.3589692281256931,0.9659258262890683,-0.25881904510252063,0.0,-1.0,0
2026-01-28 07:50:00,64.0,25.7,89.0,0.3632514959249318,0.9659258262890683,-0.25881904510252063,8.0,8.0,0
2026-01-28 08:00:00,59.0,26.6,87.0,0.45272797588927993,0.8660254037844387,-0.4999999999999998,-5.0,3.0,0
2026-01-28 08:20:00,58.0,28.2,85.0,0.5736258027081078,0.8660254037844387,-0.4999999999999998,-1.0,2.0,0
2026-01-28 08:30:00,57.0,29.1,76.0,0.9669322615821971,0.8660254037844387,-0.4999999999999998,-1.0,-7.0,0
2026-01-28 08:50:00,56.0,29.1,73.0,1.0877987942799718,0.8660254037844387,-0.4999999999999998,-1.0,-3.0,0
2026-01-28 09:00:00,59.0,30.3,77.0,0.9928238380602403,0.7071067811865476,-0.7071067811865475,3.0,1.0,0
2026-01-28 09:20:00,61.0,28.5,75.0,0.9728448827963039,0.7071067811865476,-0.7071067811865475,2.0,4.0,0
2026-01-28 09:30:00,59.0,28.2,77.0,0.8795595641524314,0.7071067811865476,-0.7071067811865475,-2.0,3.0,0
2026-01-28 09:50:00,56.0,28.2,75.0,0.9560430045135124,0.7071067811865476,-0.7071067811865475,-3.0,-3.0,0
2026-01-28 10:00:00,60.0,31.1,70.0,1.3554697150211106,0.49999999999999994,-0.8660254037844387,4.0,-1.0,0
2026-01-28 10:20:00,52.0,30.9,68.0,1.4294651725659757,0.49999999999999994,-0.8660254037844387,-8.0,-7.0,0
2026-01-28 10:30:00,51.0,33.8,64.0,1.893712137477344,0.49999999999999994,-0.8660254037844387,-1.0,-5.0,0
2026-01-28 10:50:00,56.0,34.6,58.0,2.309814632762627,0.49999999999999994,-0.8660254037844387,5.0,-4.0,0
2026-01-28 11:00:00,56.0,32.6,57.0,2.1149039470357924,0.258819045102521,-0.9659258262890682,0.0,4.0,0
2026-01-28 11:20:00,48.0,31.0,62.0,1.7071850554250614,0.258819045102521,-0.9659258262890682,-8.0,-3.0,0
2026-01-28 12:50:00,100.0,33.8,61.0,2.051521482267123,1.2246467991473532e-16,-1.0,52.0,44.0,0
2026-01-28 13:00:00,100.0,33.6,65.0,1.820675659610115,-0.2588190451025208,-0.9659258262890683,0.0,44.0,0
2026-01-28 13:20:00,100.0,34.9,67.0,1.845253960492459,-0.2588190451025208,-0.9659258262890683,0.0,52.0,0
2026-01-28 14:10:00,100.0,32.1,60.0,1.9126840681152002,-0.4999999999999997,-0.8660254037844388,0.0,0.0,0
2026-01-28 14:20:00,100.0,32.0,62.0,1.806814650579489,-0.4999999999999997,-0.8660254037844388,0.0,0.0,0
2026-01-28 14:40:00,89.0,33.1,61.75,1.9348500470419885,-0.4999999999999997,-0.8660254037844388,-11.0,-11.0,0
2026-01-28 15:00:00,76.0,33.8,61.0,2.051521482267123,-0.7071067811865471,-0.7071067811865479,-13.0,-24.0,0
2026-01-28 15:20:00,74.0,31.2,63.0,1.6812798470588,-0.7071067811865471,-0.7071067811865479,-2.0,-26.0,0
2026-01-28 15:30:00,73.0,32.4,68.0,1.556259583376919,-0.7071067811865471,-0.7071067811865479,-1.0,-16.0,0
2026-01-28 15:50:00,72.0,32.4,66.0,1.6535258073379766,-0.7071067811865471,-0.7071067811865479,-1.0,-4.0,0
2026-01-28 16:00:00,71.0,32.1,62.0,1.81704986470944,-0.8660254037844385,-0.5000000000000004,-1.0,-3.0,0
2026-01-28 16:20:00,70.0,32.6,62.0,1.8689848834269793,-0.8660254037844385,-0.5000000000000004,-1.0,-3.0,0
2026-01-28 16:30:00,70.0,32.3,65.0,1.6925921340113588,-0.8660254037844385,-0.5000000000000004,0.0,-2.0,0
2026-01-28 16:50:00,70.0,31.7,69.0,1.4491756559542703,-0.8660254037844385,-0.5000000000000004,0.0,-1.0,0
2026-01-28 17:00:00,70.0,31.4,70.0,1.3787751949942635,-0.9659258262890683,-0.25881904510252063,0.0,0.0,0
2026-01-28 17:20:00,70.0,30.2,74.0,1.115915591045772,-0.9659258262890683,-0.25881904510252063,0.0,0.0,0
2026-01-28 18:50:00,50.0,27.5,84.0,0.5874032334866723,-1.0,-1.8369701987210297e-16,-20.0,-20.0,0
2026-01-28 19:10:00,49.0,27.6,84.0,0.5908451136467687,-0.9659258262890684,0.2588190451025203,-1.0,-21.0,0
2026-01-28 19:20:00,49.0,27.0,84.0,0.5704544281297355,-0.9659258262890684,0.2588190451025203,0.0,-21.0,0
2026-01-28 19:40:00,49.0,27.1,85.0,0.5379465849526586,-0.9659258262890684,0.2588190451025203,0.0,-1.0,0
2026-01-28 20:00:00,48.0,27.9,85.0,0.5636965666311018,-0.8660254037844386,0.5000000000000001,-1.0,-1.0,0
2026-01-28 20:10:00,48.0,27.3,85.0,0.5442860768990796,-0.8660254037844386,0.5000000000000001,0.0,-1.0,0
2026-01-28 20:30:00,48.0,27.2,85.0,0.541108245378827,-0.8660254037844386,0.5000000000000001,0.0,-1.0,0
2026-01-28 20:40:00,48.0,27.4,86.0,0.5109814723976478,-0.8660254037844386,0.5000000000000001,0.0,0.0,0
2026-01-28 21:00:00,47.0,27.0,85.0,0.534801026371627,-0.7071067811865477,0.7071067811865474,-1.0,-1.0,0
2026-01-28 21:10:00,47.0,27.4,85.0,0.5474801489974799,-0.7071067811865477,0.7071067811865474,0.0,-1.0,0
2026-01-28 21:30:00,47.0,27.4,84.0,0.583978825597312,-0.7071067811865477,0.7071067811865474,0.0,-1.0,0
2026-01-28 21:40:00,48.0,27.9,84.0,0.6012763377398422,-0.7071067811865477,0.7071067811865474,1.0,1.0,0
2026-01-28 22:00:00,47.0,27.0,84.0,0.5704544281297355,-0.5000000000000004,0.8660254037844384,-1.0,0.0,0
2026-01-28 22:10:00,47.0,27.4,83.0,0.620477502197144,-0.5000000000000004,0.8660254037844384,0.0,0.0,0
2026-01-28 22:30:00,47.0,27.5,84.0,0.5874032334866723,-0.5000000000000004,0.8660254037844384,0.0,-1.0,0
2026-01-28 22:40:00,46.0,26.7,84.0,0.5604909575734962,-0.5000000000000004,0.8660254037844384,-1.0,-1.0,0
2026-01-28 23:00:00,46.0,26.1,85.0,0.507204271776915,-0.25881904510252157,0.9659258262890681,0.0,-1.0,0
2026-01-28 23:10:00,47.0,26.6,84.0,0.55720366263296,-0.25881904510252157,0.9659258262890681,1.0,0.0,0
2026-01-28 23:30:00,47.0,26.3,84.0,0.5474423468573151,-0.25881904510252157,0.9659258262890681,0.0,1.0,0
2026-01-28 23:40:00,47.0,26.7,85.0,0.5254602727251525,-0.25881904510252157,0.9659258262890681,0.0,1.0,0
2026-01-29 00:00:00,46.0,26.4,85.0,0.5162619651792575,0.0,1.0,-1.0,-1.0,0
2026-01-29 00:10:00,47.0,26.0,85.0,0.5042159742903847,0.0,1.0,1.0,0.0,0
2026-01-29 00:30:00,47.0,26.6,86.0,0.48755320480384023,0.0,1.0,0.0,0.0,0
2026-01-29 00:40:00,46.0,26.4,86.0,0.48184450083397357,0.0,1.0,-1.0,0.0,0
2026-01-29 01:00:00,46.0,26.4,86.0,0.48184450083397357,0.25881904510252074,0.9659258262890683,0.0,-1.0,0
2026-01-29 01:10:00,46.0,26.0,87.0,0.4369871777183332,0.25881904510252074,0.9659258262890683,0.0,-1.0,0
2026-01-29 01:30:00,46.0,26.1,87.0,0.4395770355399926,0.25881904510252074,0.9659258262890683,0.0,0.0,0
2026-01-29 01:40:00,46.0,25.1,87.0,0.4142704490866529,0.25881904510252074,0.9659258262890683,0.0,0.0,0
2026-01-29 02:00:00,47.0,25.6,87.0,0.42676025207100077,0.49999999999999994,0.8660254037844387,1.0,1.0,0
2026-01-29 02:10:00,46.0,25.8,87.0,0.43184732868528375,0.49999999999999994,0.8660254037844387,-1.0,0.0,0
2026-01-29 02:30:00,47.0,25.7,88.0,0.39627435919083487,0.49999999999999994,0.8660254037844387,1.0,1.0,0
2026-01-29 02:40:00,46.0,25.7,89.0,0.3632514959249318,0.49999999999999994,0.8660254037844387,-1.0,-1.0,0
2026-01-29 03:00:00,46.0,25.5,89.0,0.3589692281256931,0.7071067811865476,0.7071067811865476,0.0,0.0,0
2026-01-29 03:10:00,45.0,25.5,88.0,0.39160279431893796,0.7071067811865476,0.7071067811865476,-1.0,-2.0,0
2026-01-29 03:30:00,46.0,25.7,89.0,0.3632514959249318,0.7071067811865476,0.7071067811865476,1.0,0.0,0
2026-01-29 03:50:00,46.0,25.3,89.0,0.3547310349782222,0.7071067811865476,0.7071067811865476,0.0,0.0,0
2026-01-29 04:00:00,47.0,25.7,89.0,0.3632514959249318,0.8660254037844386,0.5000000000000001,1.0,2.0,0
2026-01-29 04:20:00,46.0,25.7,89.0,0.3632514959249318,0.8660254037844386,0.5000000000000001,-1.0,0.0,0
2026-01-29 04:30:00,46.0,25.0,89.0,0.34845554892575326,0.8660254037844386,0.5000000000000001,0.0,0.0,0
2026-01-29 04:50:00,46.0,25.2,89.0,0.3526283467207256,0.8660254037844386,0.5000000000000001,0.0,-1.0,0
2026-01-29 05:00:00,46.0,25.8,89.0,0.3654092781183169,0.9659258262890683,0.25881904510252074,0.0,0.0,0
2026-01-29 05:20:00,46.0,25.2,89.0,0.3526283467207256,0.9659258262890683,0.25881904510252074,0.0,0.0,0
2026-01-29 05:30:00,46.0,25.4,89.0,0.3568446461974544,0.9659258262890683,0.25881904510252074,0.0,0.0,0
2026-01-29 05:50:00,47.0,25.3,90.0,0.3224827590711108,0.9659258262890683,0.25881904510252074,1.0,1.0,0
2026-01-29 06:00:00,46.0,25.6,89.0,0.3611048286754621,1.0,6.123233995736766e-17,-1.0,0.0,0
2026-01-29 06:40:00,100.0,24.0,91.0,0.2685525729449001,1.0,6.123233995736766e-17,54.0,54.0,0
2026-01-29 06:50:00,100.0,24.4,93.0,0.213941885711173,1.0,6.123233995736766e-17,0.0,53.0,0
2026-01-29 07:10:00,100.0,23.7,94.0,0.17583644248119557,0.9659258262890683,-0.25881904510252063,0.0,54.0,0
2026-01-29 07:20:00,100.0,24.4,94.0,0.18337875918100588,0.9659258262890683,-0.25881904510252063,0.0,0.0,0
2026-01-29 07:40:00,100.0,26.7,91.0,0.31527616363509114,0.9659258262890683,-0.25881904510252063,0.0,0.0,0
2026-01-29 07:50:00,100.0,27.0,84.0,0.5704544281297355,0.9659258262890683,-0.25881904510252063,0.0,0.0,0
2026-01-29 08:10:00,100.0,28.1,78.0,0.8364389383729534,0.8660254037844387,-0.4999999999999998,0.0,0.0,0
2026-01-29 08:20:00,100.0,31.1,69.0,1.400652038855148,0.8660254037844387,-0.4999999999999998,0.0,0.0,0
2026-01-29 15:10:00,82.0,34.9,56.0,2.4603386139899452,-0.7071067811865471,-0.7071067811865479,-18.0,-18.0,0
2026-01-29 16:30:00,89.0,31.5,58.0,1.9412689392707123,-0.8660254037844385,-0.5000000000000004,7.0,-11.0,0
2026-01-29 16:40:00,90.0,31.4,63.0,1.700489407159591,-0.8660254037844385,-0.5000000000000004,1.0,-10.0,0
2026-01-29 17:00:00,90.0,30.0,65.0,1.4850727705656546,-0.9659258262890683,-0.25881904510252063,0.0,8.0,0
2026-01-29 17:10:00,90.0,30.0,69.0,1.3153501682152942,-0.9659258262890683,-0.25881904510252063,0.0,1.0,0
2026-01-29 17:30:00,90.0,29.1,71.0,1.1683764827451548,-0.9659258262890683,-0.25881904510252063,0.0,0.0,0
2026-01-29 17:40:00,90.0,29.6,74.0,1.0781372290312143,-0.9659258262890683,-0.25881904510252063,0.0,0.0,0
2026-01-29 18:00:00,100.0,28.3,77.0,0.884686115649366,-1.0,-1.8369701987210297e-16,10.0,10.0,0
2026-01-29 18:10:00,100.0,28.3,79.0,0.8077568882015949,-1.0,-1.8369701987210297e-16,0.0,10.0,0
2026-01-29 18:30:00,100.0,27.2,81.0,0.6854037774798472,-1.0,-1.8369701987210297e-16,0.0,10.0,0
2026-01-29 18:40:00,100.0,27.1,87.0,0.4662203736256374,-1.0,-1.8369701987210297e-16,0.0,0.0,0
2026-01-29 19:00:00,100.0,26.4,86.0,0.48184450083397357,-0.9659258262890684,0.2588190451025203,0.0,0.0,0
2026-01-29 19:10:00,100.0,26.1,89.0,0.3719497993030707,-0.9659258262890684,0.2588190451025203,0.0,0.0,0
2026-01-29 19:30:00,100.0,26.5,89.0,0.3808290594677608,-0.9659258262890684,0.2588190451025203,0.0,0.0,0
2026-01-29 19:40:00,100.0,26.4,91.0,0.3097571791075544,-0.9659258262890684,0.2588190451025203,0.0,0.0,0
2026-01-29 20:00:00,100.0,26.8,91.0,0.3171347633528936,-0.8660254037844386,0.5000000000000001,0.0,0.0,0
2026-01-29 20:10:00,98.0,25.7,91.0,0.29720576939312604,-0.8660254037844386,0.5000000000000001,-2.0,-2.0,0
2026-01-29 20:20:00,96.0,26.6,92.0,0.27860183131647975,-0.8660254037844386,0.5000000000000001,-2.0,-4.0,0
2026-01-29 20:40:00,97.0,25.2,92.0,0.25645697943325496,-0.8660254037844386,0.5000000000000001,1.0,-3.0,0
2026-01-29 20:50:00,95.0,25.6,93.0,0.22979398188438482,-0.8660254037844386,0.5000000000000001,-2.0,-3.0,0
2026-01-29 21:10:00,95.0,25.1,91.0,0.2868026185984518,-0.7071067811865477,0.7071067811865474,0.0,-1.0,0
2026-01-29 21:20:00,95.0,25.2,92.0,0.25645697943325496,-0.7071067811865477,0.7071067811865474,0.0,-2.0,0
2026-01-29 21:40:00,96.0,25.8,90.0,0.3321902528348337,-0.7071067811865477,0.7071067811865474,1.0,1.0,0
2026-01-29 21:50:00,96.0,25.0,92.0,0.2534222174005478,-0.7071067811865477,0.7071067811865474,0.0,1.0,0
2026-01-29 22:10:00,96.0,25.7,92.0,0.26418290612722295,-0.5000000000000004,0.8660254037844384,0.0,1.0,0
2026-01-29 22:30:00,95.0,25.0,93.0,0.22174444022547934,-0.5000000000000004,0.8660254037844384,-1.0,-1.0,0
2026-01-29 22:40:00,95.0,25.2,91.0,0.288514101862412,-0.5000000000000004,0.8660254037844384,0.0,-1.0,0
2026-01-29 23:00:00,95.0,24.5,92.0,0.24597192407052715,-0.25881904510252157,0.9659258262890681,0.0,-1.0,0
2026-01-29 23:10:00,95.0,24.7,91.0,0.28004489200046256,-0.25881904510252157,0.9659258262890681,0.0,0.0,0
2026-01-29 23:30:00,96.0,24.2,91.0,0.2717933236430392,-0.25881904510252157,0.9659258262890681,1.0,1.0,0
2026-01-29 23:40:00,96.0,24.0,91.0,0.2685525729449001,-0.25881904510252157,0.9659258262890681,0.0,1.0,0
2026-01-30 00:00:00,96.0,24.0,90.0,0.29839174771655586,0.0,1.0,0.0,1.0,0
2026-01-30 00:10:00,96.0,24.6,90.0,0.30930813295225423,0.0,1.0,0.0,0.0,0
2026-01-30 00:30:00,96.0,24.4,91.0,0.2750681387715086,0.0,1.0,0.0,0.0,0
2026-01-30 00:40:00,96.0,24.3,92.0,0.24304573721772327,0.0,1.0,0.0,0.0,0
2026-01-30 01:00:00,96.0,24.2,93.0,0.21139480727791948,0.25881904510252074,0.9659258262890683,0.0,0.0,0
2026-01-30 01:10:00,97.0,24.1,93.0,0.21013121810402113,0.25881904510252074,0.9659258262890683,1.0,1.0,0
2026-01-30 01:30:00,96.0,23.5,94.0,0.17373184637453942,0.25881904510252074,0.9659258262890683,-1.0,0.0,0
2026-01-30 02:10:00,97.0,23.3,95.0,0.14304105648438403,0.49999999999999994,0.8660254037844387,1.0,1.0,0
2026-01-30 02:30:00,97.0,23.6,95.0,0.14565115001700102,0.49999999999999994,0.8660254037844387,0.0,0.0,0
2026-01-30 02:40:00,97.0,23.8,95.0,0.14741421525110443,0.49999999999999994,0.8660254037844387,0.0,1.0,0
2026-01-30 03:00:00,98.0,23.1,95.0,0.14132376005683067,0.7071067811865476,0.7071067811865476,1.0,1.0,0
2026-01-30 03:10:00,98.0,23.3,95.0,0.14304105648438403,0.7071067811865476,0.7071067811865476,0.0,1.0,0
2026-01-30 03:30:00,98.0,23.6,95.0,0.14565115001700102,0.7071067811865476,0.7071067811865476,0.0,1.0,0
2026-01-30 03:40:00,97.0,23.7,95.0,0.14653036873433,0.7071067811865476,0.7071067811865476,-1.0,-1.0,0
2026-01-30 04:00:00,97.0,23.0,95.0,0.14047188111985376,0.8660254037844386,0.5000000000000001,0.0,-1.0,0
2026-01-30 04:10:00,98.0,23.1,95.0,0.14132376005683067,0.8660254037844386,0.5000000000000001,1.0,0.0,0
2026-01-30 04:30:00,98.0,23.3,95.0,0.14304105648438403,0.8660254037844386,0.5000000000000001,0.0,1.0,0
2026-01-30 04:40:00,97.0,23.3,95.0,0.14304105648438403,0.8660254037844386,0.5000000000000001,-1.0,0.0,0
2026-01-30 05:00:00,97.0,23.7,95.0,0.14653036873433,0.9659258262890683,0.25881904510252074,0.0,-1.0,0
2026-01-30 05:10:00,97.0,23.0,96.0,0.11237750489588283,0.9659258262890683,0.25881904510252074,0.0,-1.0,0
2026-01-30 05:30:00,97.0,23.3,96.0,0.11443284518750696,0.9659258262890683,0.25881904510252074,0.0,0.0,0
2026-01-30 05:40:00,97.0,23.8,96.0,0.11793137220088346,0.9659258262890683,0.25881904510252074,0.0,0.0,0
2026-01-30 06:00:00,96.0,23.2,96.0,0.11374411611710578,1.0,6.123233995736766e-17,-1.0,-1.0,0
2026-01-30 06:20:00,97.0,23.6,96.0,0.11652092001360081,1.0,6.123233995736766e-17,1.0,0.0,0
2026-01-30 06:30:00,98.0,23.4,96.0,0.11512521139033449,1.0,6.123233995736766e-17,1.0,1.0,0
2026-01-30 06:40:00,98.0,23.3,96.0,0.11443284518750696,1.0,6.123233995736766e-17,0.0,2.0,0
2026-01-30 06:50:00,96.0,23.9,96.0,0.11864216807446448,1.0,6.123233995736766e-17,-2.0,-1.0,0
2026-01-30 07:10:00,98.0,23.7,95.0,0.14653036873433,0.9659258262890683,-0.25881904510252063,2.0,0.0,0
2026-01-30 07:20:00,95.0,24.0,96.0,0.11935669908662261,0.9659258262890683,-0.25881904510252063,-3.0,-3.0,0
2026-01-30 07:40:00,92.0,25.3,93.0,0.22573793134977738,0.9659258262890683,-0.25881904510252063,-3.0,-4.0,0
2026-01-30 07:50:00,92.0,27.4,85.0,0.5474801489974799,0.9659258262890683,-0.25881904510252063,0.0,-6.0,0
2026-01-30 08:10:00,89.0,30.2,72.0,1.201755251895447,0.8660254037844387,-0.4999999999999998,-3.0,-6.0,0
2026-01-30 08:20:00,88.0,34.6,58.0,2.309814632762627,0.8660254037844387,-0.4999999999999998,-1.0,-4.0,0
2026-01-30 21:20:00,49.0,26.0,90.0,0.33614398286025615,-0.7071067811865477,0.7071067811865474,-39.0,-43.0,0
2026-01-30 21:30:00,48.0,27.3,85.0,0.5442860768990796,-0.7071067811865477,0.7071067811865474,-1.0,-41.0,0
2026-01-30 21:50:00,47.0,27.2,83.0,0.6132560114293373,-0.7071067811865477,0.7071067811865474,-1.0,-41.0,0
2026-01-30 22:00:00,49.0,27.1,82.0,0.6455359019431901,-0.5000000000000004,0.8660254037844384,2.0,0.0,0
2026-01-30 22:20:00,48.0,27.3,82.0,0.6531432922788958,-0.5000000000000004,0.8660254037844384,-1.0,0.0,0
2026-01-30 22:30:00,46.0,27.2,83.0,0.6132560114293373,-0.5000000000000004,0.8660254037844384,-2.0,-1.0,0
2026-01-30 22:50:00,46.0,27.0,84.0,0.5704544281297355,-0.5000000000000004,0.8660254037844384,0.0,-3.0,0
2026-01-30 23:00:00,48.0,27.4,84.0,0.583978825597312,-0.25881904510252157,0.9659258262890681,2.0,0.0,0
2026-01-30 23:20:00,46.0,27.6,85.0,0.5539172940438459,-0.25881904510252157,0.9659258262890681,-2.0,0.0,0
2026-01-30 23:40:00,49.0,27.3,85.0,0.5442860768990796,-0.25881904510252157,0.9659258262890681,3.0,3.0,0
2026-01-30 23:50:00,47.0,27.9,86.0,0.5261167955223618,-0.25881904510252157,0.9659258262890681,-2.0,-1.0,0
2026-01-31 00:10:00,47.0,27.549999999999997,86.0,0.5154817367518794,0.0,1.0,0.0,1.0,0
2026-01-31 00:20:00,38.0,27.4,87.0,0.4744827957978157,0.0,1.0,-9.0,-11.0,0
2026-01-31 00:40:00,54.0,27.9,87.0,0.4885370244136218,0.0,1.0,16.0,7.0,0
2026-01-31 00:50:00,32.0,26.2,88.0,0.4081663931443491,0.0,1.0,-22.0,-15.0,0
2026-01-31 01:10:00,31.0,26.5,88.0,0.41544988305573893,0.25881904510252074,0.9659258262890683,-1.0,-7.0,0
2026-01-31 01:20:00,36.0,26.7,88.0,0.4203682181801218,0.25881904510252074,0.9659258262890683,5.0,-18.0,0
2026-01-31 01:40:00,55.0,26.9,88.0,0.4253372004970841,0.25881904510252074,0.9659258262890683,19.0,23.0,0
2026-01-31 01:50:00,52.0,26.1,88.0,0.4057634174215319,0.25881904510252074,0.9659258262890683,-3.0,21.0,0
2026-01-31 02:10:00,36.0,26.5,89.0,0.3808290594677608,0.49999999999999994,0.8660254037844387,-16.0,0.0,0
2026-01-31 02:30:00,35.0,26.3,88.0,0.4105817601429864,0.49999999999999994,0.8660254037844387,-1.0,-20.0,0
2026-01-31 02:40:00,35.0,26.2,89.0,0.3741525270489867,0.49999999999999994,0.8660254037844387,0.0,-17.0,0
2026-01-31 03:00:00,54.0,26.1,89.0,0.3719497993030707,0.7071067811865476,0.7071067811865476,19.0,18.0,0
2026-01-31 03:10:00,34.0,26.6,89.0,0.38307751806015977,0.7071067811865476,0.7071067811865476,-20.0,-1.0,0
2026-01-31 03:30:00,35.0,26.3,89.0,0.37636661346440414,0.7071067811865476,0.7071067811865476,1.0,0.0,0
2026-01-31 03:40:00,34.0,26.2,90.0,0.3401386609536239,0.7071067811865476,0.7071067811865476,-1.0,-20.0,0
2026-01-31 04:00:00,35.0,26.0,89.0,0.3697583811462821,0.8660254037844386,0.5000000000000001,1.0,1.0,0
2026-01-31 04:10:00,34.0,26.7,89.0,0.38533753333177856,0.8660254037844386,0.5000000000000001,-1.0,-1.0,0
2026-01-31 04:30:00,36.0,26.8,89.0,0.3876091552090921,0.8660254037844386,0.5000000000000001,2.0,2.0,0
2026-01-31 04:40:00,34.0,26.0,89.0,0.3697583811462821,0.8660254037844386,0.5000000000000001,-2.0,-1.0,0
2026-01-31 05:00:00,35.0,26.2,89.0,0.3741525270489867,0.9659258262890683,0.25881904510252074,1.0,1.0,0
2026-01-31 05:10:00,35.0,26.5,89.0,0.3808290594677608,0.9659258262890683,0.25881904510252074,0.0,-1.0,0
2026-01-31 05:30:00,36.0,26.0,90.0,0.33614398286025615,0.9659258262890683,0.25881904510252074,1.0,2.0,0
2026-01-31 05:40:00,54.0,26.8,90.0,0.35237195928099263,0.9659258262890683,0.25881904510252074,18.0,19.0,0
2026-01-31 06:00:00,37.0,25.5,90.0,0.32633566193244823,1.0,6.123233995736766e-17,-17.0,2.0,0
2026-01-31 06:10:00,36.0,25.3,91.0,0.2902344831639998,1.0,6.123233995736766e-17,-1.0,0.0,0
2026-01-31 06:30:00,100.0,25.9,91.0,0.30074581936331235,1.0,6.123233995736766e-17,64.0,46.0,0
2026-01-31 06:40:00,100.0,24.9,94.0,0.1889374607544263,1.0,6.123233995736766e-17,0.0,63.0,0
2026-01-31 07:00:00,100.0,24.1,94.0,0.1801124726605896,0.9659258262890683,-0.25881904510252063,0.0,64.0,0
2026-01-31 07:20:00,100.0,24.0,94.0,0.1790350486299337,0.9659258262890683,-0.25881904510252063,0.0,0.0,0
2026-01-31 07:30:00,100.0,26.9,92.0,0.2835581336647226,0.9659258262890683,-0.25881904510252063,0.0,0.0,0
2026-01-31 07:50:00,100.0,26.1,90.0,0.33813618118461,0.9659258262890683,-0.25881904510252063,0.0,0.0,0
2026-01-31 08:00:00,100.0,29.3,77.0,0.9373993173250263,0.8660254037844387,-0.4999999999999998,0.0,0.0,0
2026-01-31 08:20:00,100.0,32.6,63.0,1.8198010707052168,0.8660254037844387,-0.4999999999999998,0.0,0.0,0
2026-01-31 08:30:00,100.0,35.1,57.0,2.4311480815667004,0.8660254037844387,-0.4999999999999998,0.0,0.0,0
2026-01-31 15:30:00,100.0,34.6,55.0,2.4748013922456713,-0.7071067811865471,-0.7071067811865479,0.0,0.0,0
2026-01-31 15:50:00,100.0,32.9,59.0,2.0508206072556945,-0.7071067811865471,-0.7071067811865479,0.0,0.0,0
2026-01-31 16:10:00,100.0,32.8,60.0,1.9895967973417812,-0.8660254037844385,-0.5000000000000004,0.0,0.0,0
2026-01-31 16:20:00,100.0,31.9,73.0,1.276552575100983,-0.8660254037844385,-0.5000000000000004,0.0,0.0,0
2026-01-31 16:40:00,100.0,30.2,78.0,0.9442362693464221,-0.8660254037844385,-0.5000000000000004,0.0,0.0,0
2026-01-31 16:50:00,100.0,30.8,76.0,1.066005863769791,-0.8660254037844385,-0.5000000000000004,0.0,0.0,0
2026-01-31 17:10:00,100.0,29.2,78.0,0.8914857879947911,-0.9659258262890683,-0.25881904510252063,0.0,0.0,0
2026-01-31 17:20:00,100.0,29.3,82.0,0.7336168570369774,-0.9659258262890683,-0.25881904510252063,0.0,0.0,0
2026-01-31 17:40:00,100.0,29.4,85.0,0.6148812231211997,-0.9659258262890683,-0.25881904510252063,0.0,0.0,0
2026-01-31 17:50:00,100.0,28.4,85.0,0.5803295574793155,-0.9659258262890683,-0.25881904510252063,0.0,0.0,0
2026-01-31 18:10:00,100.0,28.2,82.0,0.6883509632497291,-1.0,-1.8369701987210297e-16,0.0,0.0,0
2026-01-31 18:20:00,100.0,28.7,85.0,0.5905130254424584,-1.0,-1.8369701987210297e-16,0.0,0.0,0
2026-01-31 18:40:00,100.0,27.9,79.0,0.7891751932835427,-1.0,-1.8369701987210297e-16,0.0,0.0,0
2026-01-31 18:50:00,100.0,27.3,83.0,0.6168575538189569,-1.0,-1.8369701987210297e-16,0.0,0.0,0
2026-01-31 19:10:00,100.0,27.4,84.0,0.583978825597312,-0.9659258262890684,0.2588190451025203,0.0,0.0,0
2026-01-31 19:20:00,100.0,26.1,88.0,0.4057634174215319,-0.9659258262890684,0.2588190451025203,0.0,0.0,0
2026-01-31 19:40:00,100.0,26.7,87.0,0.45539890302846553,-0.9659258262890684,0.2588190451025203,0.0,0.0,0
2026-01-31 19:50:00,100.0,26.9,89.0,0.38989243378899374,-0.9659258262890684,0.2588190451025203,0.0,0.0,0
2026-01-31 20:10:00,100.0,26.8,89.0,0.3876091552090921,-0.8660254037844386,0.5000000000000001,0.0,0.0,0
2026-01-31 20:20:00,100.0,26.1,88.0,0.4057634174215319,-0.8660254037844386,0.5000000000000001,0.0,0.0,0
2026-01-31 20:40:00,100.0,25.9,89.0,0.3675782236662708,-0.8660254037844386,0.5000000000000001,0.0,0.0,0
2026-01-31 20:50:00,100.0,25.8,89.0,0.3654092781183169,-0.8660254037844386,0.5000000000000001,0.0,0.0,0
2026-01-31 21:10:00,100.0,25.8,89.0,0.3654092781183169,-0.7071067811865477,0.7071067811865474,0.0,0.0,0
2026-01-31 21:20:00,100.0,25.6,91.0,0.29544940527992347,-0.7071067811865477,0.7071067811865474,0.0,0.0,0
2026-01-31 21:40:00,100.0,25.9,92.0,0.26732961721183335,-0.7071067811865477,0.7071067811865474,0.0,0.0,0
2026-01-31 21:50:00,100.0,25.0,91.0,0.2850999945756163,-0.7071067811865477,0.7071067811865474,0.0,0.0,0
2026-01-31 22:10:00,100.0,25.8,91.0,0.2989712275513501,-0.5000000000000004,0.8660254037844384,0.0,0.0,0
2026-01-31 22:20:00,100.0,25.1,92.0,0.25493566097640175,-0.5000000000000004,0.8660254037844384,0.0,0.0,0
2026-01-31 22:40:00,100.0,24.8,92.0,0.25041881754504214,-0.5000000000000004,0.8660254037844384,0.0,0.0,0
2026-01-31 22:50:00,100.0,24.0,91.0,0.2685525729449001,-0.5000000000000004,0.8660254037844384,0.0,0.0,0
2026-01-31 23:10:00,100.0,24.9,90.0,0.31489576792404383,-0.25881904510252157,0.9659258262890681,0.0,0.0,0
2026-01-31 23:20:00,100.0,24.1,90.0,0.3001874544343157,-0.25881904510252157,0.9659258262890681,0.0,0.0,0
2026-01-31 23:40:00,100.0,24.4,91.0,0.2750681387715086,-0.25881904510252157,0.9659258262890681,0.0,0.0,0
2026-02-01 00:00:00,100.0,24.7,91.0,0.28004489200046256,0.0,1.0,0.0,0.0,0
2026-02-01 00:10:00,100.0,24.1,91.0,0.2701687089908842,0.0,1.0,0.0,0.0,0
2026-02-01 00:30:00,100.0,24.0,91.0,0.2685525729449001,0.0,1.0,0.0,0.0,0
2026-02-01 00:40:00,100.0,24.6,92.0,0.2474465063618032,0.0,1.0,0.0,0.0,0
2026-02-01 01:00:00,100.0,24.6,92.0,0.2474465063618032,0.25881904510252074,0.9659258262890683,0.0,0.0,0
2026-02-01 01:10:00,100.0,24.3,92.0,0.24304573721772327,0.25881904510252074,0.9659258262890683,0.0,0.0,0
2026-02-01 01:30:00,100.0,24.2,92.0,0.24159406546047935,0.25881904510252074,0.9659258262890683,0.0,0.0,0
2026-02-01 01:40:00,100.0,24.6,93.0,0.2165156930665777,0.25881904510252074,0.9659258262890683,0.0,0.0,0
2026-02-01 02:00:00,100.0,24.7,93.0,0.2178126937781375,0.49999999999999994,0.8660254037844387,0.0,0.0,0
2026-02-01 02:10:00,100.0,23.0,94.0,0.16856625734382424,0.49999999999999994,0.8660254037844387,0.0,0.0,0
2026-02-01 02:30:00,100.0,23.9,94.0,0.1779632521116965,0.49999999999999994,0.8660254037844387,0.0,0.0,0
2026-02-01 02:40:00,100.0,23.6,94.0,0.17478138002040122,0.49999999999999994,0.8660254037844387,0.0,0.0,0
2026-02-01 03:00:00,100.0,23.9,95.0,0.1483027100930805,0.7071067811865476,0.7071067811865476,0.0,0.0,0
2026-02-01 03:10:00,100.0,23.4,94.0,0.17268781708550174,0.7071067811865476,0.7071067811865476,0.0,0.0,0
2026-02-01 03:30:00,100.0,23.6,95.0,0.14565115001700102,0.7071067811865476,0.7071067811865476,0.0,0.0,0
2026-02-01 03:40:00,100.0,23.8,95.0,0.14741421525110443,0.7071067811865476,0.7071067811865476,0.0,0.0,0
2026-02-01 04:00:00,100.0,23.1,95.0,0.14132376005683067,0.8660254037844386,0.5000000000000001,0.0,0.0,0
2026-02-01 04:10:00,100.0,23.9,95.0,0.1483027100930805,0.8660254037844386,0.5000000000000001,0.0,0.0,0
2026-02-01 04:30:00,100.0,23.0,95.0,0.14047188111985376,0.8660254037844386,0.5000000000000001,0.0,0.0,0
2026-02-01 04:40:00,100.0,23.2,95.0,0.14218014514638222,0.8660254037844386,0.5000000000000001,0.0,0.0,0
2026-02-01 05:00:00,100.0,23.1,95.0,0.14132376005683067,0.9659258262890683,0.25881904510252074,0.0,0.0,0
2026-02-01 05:10:00,100.0,23.2,95.0,0.14218014514638222,0.9659258262890683,0.25881904510252074,0.0,0.0,0
2026-02-01 05:30:00,100.0,23.0,95.0,0.14047188111985376,0.9659258262890683,0.25881904510252074,0.0,0.0,0
2026-02-01 05:40:00,100.0,23.9,95.0,0.1483027100930805,0.9659258262890683,0.25881904510252074,0.0,0.0,0
2026-02-01 06:00:00,100.0,23.2,95.0,0.14218014514638222,1.0,6.123233995736766e-17,0.0,0.0,0
2026-02-01 06:10:00,100.0,23.4,95.0,0.14390651423791834,1.0,6.123233995736766e-17,0.0,0.0,0
2026-02-01 06:20:00,92.0,23.333333333333332,95.0,0.14332903624698723,1.0,6.123233995736766e-17,-8.0,-8.0,0
2026-02-01 06:40:00,100.0,23.4,95.0,0.14390651423791834,1.0,6.123233995736766e-17,8.0,0.0,0
2026-02-01 06:50:00,100.0,23.9,95.0,0.1483027100930805,1.0,6.123233995736766e-17,0.0,0.0,0
2026-02-01 07:10:00,99.0,24.5,95.0,0.15373245254407975,0.9659258262890683,-0.25881904510252063,-1.0,7.0,0
2026-02-01 07:20:00,99.0,25.1,94.0,0.19120174573230164,0.9659258262890683,-0.25881904510252063,0.0,-1.0,0
2026-02-01 07:40:00,98.0,26.1,91.0,0.3043225630661488,0.9659258262890683,-0.25881904510252063,-1.0,-2.0,0
2026-02-01 07:50:00,94.0,26.3,89.0,0.37636661346440414,0.9659258262890683,-0.25881904510252063,-4.0,-5.0,0
2026-02-01 08:10:00,92.0,30.2,76.0,1.0300759301960971,0.8660254037844387,-0.4999999999999998,-2.0,-7.0,0
2026-02-01 08:20:00,90.0,34.7,62.0,2.10144482705807,0.8660254037844387,-0.4999999999999998,-2.0,-8.0,0
2026-02-01 13:20:00,26.0,31.8,54.0,2.1625984331176387,-0.2588190451025208,-0.9659258262890683,-64.0,-68.0,0
2026-02-01 13:40:00,31.0,30.0,54.0,1.9518099270291458,-0.2588190451025208,-0.9659258262890683,5.0,-61.0,0
2026-02-01 14:00:00,31.0,31.1,55.0,2.0332045725316656,-0.4999999999999997,-0.8660254037844388,0.0,-59.0,0
2026-02-01 14:10:00,30.0,30.5,55.0,1.9648256942256608,-0.4999999999999997,-0.8660254037844388,-1.0,4.0,0
2026-02-01 14:30:00,33.0,31.2,59.0,1.8630398305246163,-0.4999999999999997,-0.8660254037844388,3.0,2.0,0
2026-02-01 14:40:00,27.0,31.7,57.0,2.010146877613988,-0.4999999999999997,-0.8660254037844388,-6.0,-4.0,0
2026-02-01 15:00:00,41.0,30.3,58.0,1.8129826608056567,-0.7071067811865471,-0.7071067811865479,14.0,11.0,0
2026-02-01 15:10:00,48.0,30.6,62.0,1.6686909397523824,-0.7071067811865471,-0.7071067811865479,7.0,15.0,0
2026-02-01 15:30:00,51.0,30.3,61.0,1.6834838993195382,-0.7071067811865471,-0.7071067811865479,3.0,24.0,0
2026-02-01 15:40:00,44.0,30.1,57.0,1.835009134952525,-0.7071067811865471,-0.7071067811865479,-7.0,3.0,0
2026-02-01 16:00:00,39.0,30.0,61.0,1.6547953729160154,-0.8660254037844385,-0.5000000000000004,-5.0,-9.0,0
2026-02-01 16:10:00,43.0,30.1,56.0,1.8776837659979324,-0.8660254037844385,-0.5000000000000004,4.0,-8.0,0
2026-02-01 16:30:00,37.0,30.1,59.0,1.7496598728617099,-0.8660254037844385,-0.5000000000000004,-6.0,-7.0,0
2026-02-01 16:40:00,36.0,30.5,55.0,1.9648256942256608,-0.8660254037844385,-0.5000000000000004,-1.0,-3.0,0
2026-02-01 17:00:00,36.0,30.3,58.0,1.8129826608056567,-0.9659258262890683,-0.25881904510252063,0.0,-7.0,0
2026-02-01 17:10:00,49.0,30.1,54.0,1.9630330280887476,-0.9659258262890683,-0.25881904510252063,13.0,12.0,0
2026-02-01 17:30:00,49.0,29.6,56.0,1.824539926052824,-0.9659258262890683,-0.25881904510252063,0.0,13.0,0
2026-02-01 17:40:00,46.0,29.0,59.0,1.6423278160352277,-0.9659258262890683,-0.25881904510252063,-3.0,10.0,0
2026-02-01 18:00:00,41.0,29.1,68.0,1.289243015442929,-1.0,-1.8369701987210297e-16,-5.0,-8.0,0
2026-02-01 18:10:00,48.0,28.0,68.0,1.209577716478484,-1.0,-1.8369701987210297e-16,7.0,-1.0,0
2026-02-01 18:30:00,61.0,28.5,68.0,1.245241449979269,-1.0,-1.8369701987210297e-16,13.0,15.0,0
2026-02-01 18:40:00,63.0,28.9,72.0,1.1151244063851573,-1.0,-1.8369701987210297e-16,2.0,22.0,0
2026-02-01 19:00:00,66.0,28.1,72.0,1.0645586488383043,-0.9659258262890684,0.2588190451025203,3.0,18.0,0
2026-02-01 19:10:00,46.0,27.3,78.0,0.79828624611865,-0.9659258262890684,0.2588190451025203,-20.0,-15.0,0
2026-02-01 19:30:00,63.0,27.8,79.0,0.784588337559013,-0.9659258262890684,0.2588190451025203,17.0,0.0,0
2026-02-01 19:40:00,48.0,27.2,78.0,0.7936254265556126,-0.9659258262890684,0.2588190451025203,-15.0,-18.0,0
2026-02-01 20:00:00,53.0,27.4,80.0,0.7299735319966394,-0.8660254037844386,0.5000000000000001,5.0,7.0,0
2026-02-01 20:10:00,53.0,27.0,75.0,0.8913350439527115,-0.8660254037844386,0.5000000000000001,0.0,-10.0,0
2026-02-01 20:30:00,53.0,27.3,74.0,0.9434291999584046,-0.8660254037844386,0.5000000000000001,0.0,5.0,0
2026-02-01 20:40:00,56.0,27.6,72.0,1.0339789488818454,-0.8660254037844386,0.5000000000000001,3.0,3.0,0
2026-02-01 21:00:00,56.0,27.4,77.0,0.8394695617961356,-0.7071067811865477,0.7071067811865474,0.0,3.0,0
2026-02-01 21:10:00,38.0,26.0,78.0,0.7395167622925638,-0.7071067811865477,0.7071067811865474,-18.0,-15.0,0
2026-02-01 21:30:00,36.0,26.2,79.0,0.7142911880026106,-0.7071067811865477,0.7071067811865474,-2.0,-20.0,0
2026-02-01 21:50:00,44.0,26.4,82.0,0.6195143582151093,-0.7071067811865477,0.7071067811865474,8.0,-12.0,0
2026-02-01 22:00:00,46.0,26.8,81.0,0.6695067226338862,-0.5000000000000004,0.8660254037844384,2.0,8.0,0
2026-02-01 22:20:00,61.0,26.5,80.0,0.6924164717595649,-0.5000000000000004,0.8660254037844384,15.0,25.0,0
2026-02-01 22:30:00,62.0,26.9,79.0,0.7443401008698971,-0.5000000000000004,0.8660254037844384,1.0,18.0,0
2026-02-01 22:50:00,46.0,26.3,80.0,0.6843029335716437,-0.5000000000000004,0.8660254037844384,-16.0,0.0,0
2026-02-01 23:00:00,48.0,26.8,81.0,0.6695067226338862,-0.25881904510252157,0.9659258262890681,2.0,-13.0,0
2026-02-01 23:20:00,45.0,26.9,82.0,0.6380058007456264,-0.25881904510252157,0.9659258262890681,-3.0,-17.0,0
2026-02-01 23:30:00,47.0,26.5,83.0,0.5885540009956305,-0.25881904510252157,0.9659258262890681,2.0,1.0,0
2026-02-01 23:50:00,46.0,26.7,85.0,0.5254602727251525,-0.25881904510252157,0.9659258262890681,-1.0,-2.0,0
2026-02-02 00:00:00,46.0,25.5,86.0,0.45686992670542814,0.0,1.0,0.0,1.0,0
2026-02-02 00:20:00,44.0,25.7,86.0,0.4623200857226406,0.0,1.0,-2.0,-3.0,0
2026-02-02 00:30:00,47.0,25.0,86.0,0.4434888804509587,0.0,1.0,3.0,1.0,0
2026-02-02 00:50:00,46.0,25.7,88.0,0.39627435919083487,0.0,1.0,-1.0,0.0,0
2026-02-02 01:00:00,47.0,25.0,87.0,0.4118111032758902,0.25881904510252074,0.9659258262890683,1.0,3.0,0
2026-02-02 01:20:00,47.0,25.7,87.0,0.42929722245673796,0.25881904510252074,0.9659258262890683,0.0,0.0,0
2026-02-02 01:30:00,47.0,25.0,88.0,0.38013332610082173,0.25881904510252074,0.9659258262890683,0.0,1.0,0
2026-02-02 01:50:00,47.0,24.3,89.0,0.33418788867436966,0.25881904510252074,0.9659258262890683,0.0,0.0,0
2026-02-02 02:00:00,45.0,24.8,90.0,0.3130235219313029,0.49999999999999994,0.8660254037844387,-2.0,-2.0,0
2026-02-02 02:20:00,63.0,24.3,90.0,0.3038071715221542,0.49999999999999994,0.8660254037844387,18.0,16.0,0
2026-02-02 02:30:00,48.0,24.2,90.0,0.30199258182559907,0.49999999999999994,0.8660254037844387,-15.0,1.0,0
2026-02-02 02:50:00,48.0,24.2,90.0,0.30199258182559907,0.49999999999999994,0.8660254037844387,0.0,3.0,0
2026-02-02 03:00:00,46.0,24.7,91.0,0.28004489200046256,0.7071067811865476,0.7071067811865476,-2.0,-17.0,0
2026-02-02 03:20:00,47.0,24.4,91.0,0.2750681387715086,0.7071067811865476,0.7071067811865476,1.0,-1.0,0
2026-02-02 03:30:00,49.0,24.5,91.0,0.2767184145793431,0.7071067811865476,0.7071067811865476,2.0,1.0,0
2026-02-02 03:50:00,47.0,24.0,91.0,0.2685525729449001,0.7071067811865476,0.7071067811865476,-2.0,1.0,0
2026-02-02 04:00:00,61.0,24.6,91.0,0.2783773196570287,0.8660254037844386,0.5000000000000001,14.0,14.0,0
2026-02-02 04:20:00,48.0,24.1,91.0,0.2701687089908842,0.8660254037844386,0.5000000000000001,-13.0,-1.0,0
2026-02-02 04:30:00,63.0,24.6,90.0,0.30930813295225423,0.8660254037844386,0.5000000000000001,15.0,16.0,0
2026-02-02 04:50:00,64.0,24.4,91.0,0.2750681387715086,0.8660254037844386,0.5000000000000001,1.0,3.0,0
2026-02-02 05:00:00,65.0,24.6,91.0,0.2783773196570287,0.9659258262890683,0.25881904510252074,1.0,17.0,0
2026-02-02 05:20:00,52.0,24.5,91.0,0.2767184145793431,0.9659258262890683,0.25881904510252074,-13.0,-11.0,0
2026-02-02 05:30:00,53.0,24.7,91.0,0.28004489200046256,0.9659258262890683,0.25881904510252074,1.0,-11.0,0
2026-02-02 05:50:00,52.0,24.5,92.0,0.24597192407052715,0.9659258262890683,0.25881904510252074,-1.0,-13.0,0
2026-02-02 06:10:00,53.0,24.3,91.0,0.27342645436993873,1.0,6.123233995736766e-17,1.0,1.0,0
2026-02-02 06:20:00,100.0,24.3,92.0,0.24304573721772327,1.0,6.123233995736766e-17,47.0,47.0,0
2026-02-02 06:30:00,100.0,24.7,92.0,0.24892879288930025,1.0,6.123233995736766e-17,0.0,48.0,0
2026-02-02 06:50:00,100.0,23.1,93.0,0.1978532640795625,1.0,6.123233995736766e-17,0.0,47.0,0
2026-02-02 07:00:00,100.0,23.9,94.0,0.1779632521116965,0.9659258262890683,-0.25881904510252063,0.0,0.0,0
2026-02-02 07:20:00,100.0,24.5,94.0,0.1844789430528957,0.9659258262890683,-0.25881904510252063,0.0,0.0,0
2026-02-02 07:30:00,100.0,24.5,94.0,0.1844789430528957,0.9659258262890683,-0.25881904510252063,0.0,0.0,0
2026-02-02 07:50:00,100.0,25.9,92.0,0.26732961721183335,0.9659258262890683,-0.25881904510252063,0.0,0.0,0
2026-02-02 08:00:00,100.0,26.3,90.0,0.34215146678582187,0.8660254037844387,-0.4999999999999998,0.0,0.0,0
2026-02-02 08:20:00,100.0,27.5,87.0,0.47726512720792114,0.8660254037844387,-0.4999999999999998,0.0,0.0,0
2026-02-02 08:30:00,100.0,28.200000000000003,83.0,0.6501092430691888,0.8660254037844387,-0.4999999999999998,0.0,0.0,0
2026-02-02 08:50:00,100.0,29.4,86.0,0.5738891415797864,0.8660254037844387,-0.4999999999999998,0.0,0.0,0
2026-02-02 16:40:00,80.0,30.2,56.0,1.8884725386928447,-0.8660254037844385,-0.5000000000000004,-20.0,-20.0,0
2026-02-02 17:10:00,80.0,29.5,55.0,1.8552984612215315,-0.9659258262890683,-0.25881904510252063,0.0,-20.0,0
2026-02-02 17:30:00,81.0,29.0,59.0,1.6423278160352277,-0.9659258262890683,-0.25881904510252063,1.0,-19.0,0
2026-02-02 17:40:00,81.0,29.6,60.0,1.6586726600480222,-0.9659258262890683,-0.25881904510252063,0.0,1.0,0
2026-02-02 18:00:00,81.0,28.6,75.0,0.9785023246699609,-1.0,-1.8369701987210297e-16,0.0,1.0,0
2026-02-02 18:10:00,81.0,27.0,83.0,0.606107829887844,-1.0,-1.8369701987210297e-16,0.0,0.0,0
2026-02-02 18:30:00,82.0,26.8,84.0,0.5637951348495887,-1.0,-1.8369701987210297e-16,1.0,1.0,0
2026-02-02 18:40:00,80.0,26.7,86.0,0.4904295878768088,-1.0,-1.8369701987210297e-16,-2.0,-1.0,0
2026-02-02 19:00:00,81.0,26.7,75.0,0.8757671212085874,-0.9659258262890684,0.2588190451025203,1.0,0.0,0
2026-02-02 19:10:00,81.0,26.1,85.0,0.507204271776915,-0.9659258262890684,0.2588190451025203,0.0,-1.0,0
2026-02-02 19:30:00,82.0,25.8,89.0,0.3654092781183169,-0.9659258262890684,0.2588190451025203,1.0,2.0,0
2026-02-02 19:40:00,82.0,25.1,85.0,0.47800436433075344,-0.9659258262890684,0.2588190451025203,0.0,1.0,0
2026-02-02 20:00:00,82.0,25.9,88.0,0.40099442581775024,-0.8660254037844386,0.5000000000000001,0.0,1.0,0
2026-02-02 20:10:00,81.0,25.8,88.0,0.39862830340180055,-0.8660254037844386,0.5000000000000001,-1.0,-1.0,0
2026-02-02 20:30:00,82.0,25.8,89.0,0.3654092781183169,-0.8660254037844386,0.5000000000000001,1.0,0.0,0
2026-02-02 20:40:00,81.0,24.3,90.0,0.3038071715221542,-0.8660254037844386,0.5000000000000001,-1.0,-1.0,0
2026-02-02 21:00:00,82.0,24.6,91.0,0.2783773196570287,-0.7071067811865477,0.7071067811865474,1.0,1.0,0
2026-02-02 21:10:00,82.0,24.5,91.0,0.2767184145793431,-0.7071067811865477,0.7071067811865474,0.0,0.0,0
2026-02-02 21:30:00,82.0,24.2,92.0,0.24159406546047935,-0.7071067811865477,0.7071067811865474,0.0,1.0,0
2026-02-02 21:40:00,81.0,24.4,91.0,0.2750681387715086,-0.7071067811865477,0.7071067811865474,-1.0,-1.0,0
2026-02-02 22:00:00,81.0,24.9,91.0,0.28340619113163923,-0.5000000000000004,0.8660254037844384,0.0,-1.0,0
2026-02-02 22:10:00,82.0,24.3,90.0,0.3038071715221542,-0.5000000000000004,0.8660254037844384,1.0,0.0,0
2026-02-02 22:30:00,82.0,24.8,92.0,0.25041881754504214,-0.5000000000000004,0.8660254037844384,0.0,1.0,0
2026-02-02 22:40:00,82.0,23.8,93.0,0.20637990135154594,-0.5000000000000004,0.8660254037844384,0.0,1.0,0
2026-02-02 23:00:00,82.0,23.5,93.0,0.20268715410362903,-0.25881904510252157,0.9659258262890681,0.0,0.0,0
2026-02-02 23:10:00,81.0,23.2,94.0,0.17061617417565866,-0.25881904510252157,0.9659258262890681,-1.0,-1.0,0
2026-02-02 23:30:00,82.0,23.2,94.0,0.17061617417565866,-0.25881904510252157,0.9659258262890681,1.0,0.0,0
2026-02-02 23:40:00,82.0,23.9,95.0,0.1483027100930805,-0.25881904510252157,0.9659258262890681,0.0,0.0,0
2026-02-03 00:00:00,82.0,23.7,95.0,0.14653036873433,0.0,1.0,0.0,1.0,0
2026-02-03 00:10:00,82.0,23.2,94.0,0.17061617417565866,0.0,1.0,0.0,0.0,0
2026-02-03 00:30:00,82.0,23.8,94.0,0.1768970583013254,0.0,1.0,0.0,0.0,0
2026-02-03 00:40:00,82.0,23.6,94.0,0.17478138002040122,0.0,1.0,0.0,0.0,0
2026-02-03 01:00:00,82.0,23.1,94.0,0.1695885120681968,0.25881904510252074,0.9659258262890683,0.0,0.0,0
2026-02-03 01:20:00,82.0,23.1,94.0,0.1695885120681968,0.25881904510252074,0.9659258262890683,0.0,0.0,0
2026-02-03 01:30:00,82.0,23.3,95.0,0.14304105648438403,0.25881904510252074,0.9659258262890683,0.0,0.0,0
2026-02-03 01:50:00,82.0,23.5,95.0,0.14477653864544937,0.25881904510252074,0.9659258262890683,0.0,0.0,0
2026-02-03 02:00:00,82.0,23.8,94.0,0.1768970583013254,0.49999999999999994,0.8660254037844387,0.0,0.0,0
2026-02-03 02:20:00,82.0,23.3,95.0,0.14304105648438403,0.49999999999999994,0.8660254037844387,0.0,0.0,0
2026-02-03 02:30:00,82.0,24.8,94.0,0.18781411315878183,0.49999999999999994,0.8660254037844387,0.0,0.0,0
2026-02-03 02:50:00,82.0,23.8,95.0,0.14741421525110443,0.49999999999999994,0.8660254037844387,0.0,0.0,0
2026-02-03 03:00:00,82.0,23.7,95.0,0.14653036873433,0.7071067811865476,0.7071067811865476,0.0,0.0,0
2026-02-03 03:20:00,82.0,23.3,95.0,0.14304105648438403,0.7071067811865476,0.7071067811865476,0.0,0.0,0
2026-02-03 03:30:00,82.0,23.3,95.0,0.14304105648438403,0.7071067811865476,0.7071067811865476,0.0,0.0,0
2026-02-03 03:50:00,83.0,23.5,95.0,0.14477653864544937,0.7071067811865476,0.7071067811865476,1.0,1.0,0
2026-02-03 04:00:00,82.0,23.1,95.0,0.14132376005683067,0.8660254037844386,0.5000000000000001,-1.0,0.0,0
2026-02-03 04:20:00,82.0,23.0,95.0,0.14047188111985376,0.8660254037844386,0.5000000000000001,0.0,0.0,0
2026-02-03 04:30:00,82.0,23.4,95.0,0.14390651423791834,0.8660254037844386,0.5000000000000001,0.0,-1.0,0
2026-02-03 04:50:00,82.0,23.2,96.0,0.11374411611710578,0.8660254037844386,0.5000000000000001,0.0,0.0,0
2026-02-03 05:00:00,81.0,23.9,95.0,0.1483027100930805,0.9659258262890683,0.25881904510252074,-1.0,-1.0,0
2026-02-03 05:20:00,82.0,24.6,95.0,0.15465406647612712,0.9659258262890683,0.25881904510252074,1.0,0.0,0
2026-02-03 05:30:00,81.0,24.2,95.0,0.15099629091279976,0.9659258262890683,0.25881904510252074,-1.0,-1.0,0
2026-02-03 05:50:00,82.0,24.6,95.0,0.15465406647612712,0.9659258262890683,0.25881904510252074,1.0,1.0,0
2026-02-03 06:00:00,81.0,24.1,95.0,0.15009372721715808,1.0,6.123233995736766e-17,-1.0,-1.0,0
2026-02-03 06:20:00,82.0,24.4,95.0,0.1528156326508383,1.0,6.123233995736766e-17,1.0,1.0,0
2026-02-03 06:30:00,81.0,24.3,94.0,0.18228430291329278,1.0,6.123233995736766e-17,-1.0,-1.0,0
2026-02-03 06:50:00,81.0,24.2,95.0,0.15099629091279976,1.0,6.123233995736766e-17,0.0,0.0,0
2026-02-03 07:00:00,81.0,25.7,95.0,0.16511431632951457,0.9659258262890683,-0.25881904510252063,0.0,-1.0,0
2026-02-03 07:20:00,80.0,25.3,93.0,0.22573793134977738,0.9659258262890683,-0.25881904510252063,-1.0,-1.0,0
2026-02-03 07:30:00,80.0,26.2,91.0,0.3061247948582615,0.9659258262890683,-0.25881904510252063,0.0,-1.0,0
2026-02-03 07:50:00,78.0,27.1,90.0,0.3586310566351054,0.9659258262890683,-0.25881904510252063,-2.0,-3.0,0
2026-02-03 08:00:00,72.0,31.7,71.0,1.355680452344317,0.8660254037844387,-0.4999999999999998,-6.0,-8.0,0
2026-02-03 13:30:00,14.666666666666666,32.13333333333333,64.0,1.7246584181946298,-0.2588190451025208,-0.9659258262890683,-57.333333333333336,-65.33333333333333,0
2026-02-03 13:50:00,15.0,31.7,67.0,1.5426708595642227,-0.2588190451025208,-0.9659258262890683,0.3333333333333339,-63.0,0
2026-02-03 14:00:00,56.0,30.3,70.0,1.2949876148611836,-0.4999999999999997,-0.8660254037844388,41.0,-16.0,0
2026-02-03 14:20:00,61.0,30.8,74.0,1.1548396857506065,-0.4999999999999997,-0.8660254037844388,5.0,46.333333333333336,0
2026-02-03 14:30:00,59.0,30.6,72.0,1.2295617450807028,-0.4999999999999997,-0.8660254037844388,-2.0,44.0,0
2026-02-03 14:50:00,75.0,30.5,74.0,1.1352326233303818,-0.4999999999999997,-0.8660254037844388,16.0,19.0,0
2026-02-03 15:00:00,61.0,30.1,72.0,1.194889669271412,-0.7071067811865471,-0.7071067811865479,-14.0,0.0,0
2026-02-03 15:20:00,60.0,30.8,75.0,1.110422774760199,-0.7071067811865471,-0.7071067811865479,-1.0,1.0,0
2026-02-03 15:30:00,61.0,30.9,69.0,1.3847943859232892,-0.7071067811865471,-0.7071067811865479,1.0,-14.0,0
2026-02-03 15:50:00,62.0,30.3,71.0,1.2518213610324773,-0.7071067811865471,-0.7071067811865479,1.0,1.0,0
2026-02-03 16:00:00,76.0,30.5,71.0,1.266221002945426,-0.8660254037844385,-0.5000000000000004,14.0,16.0,0
2026-02-03 16:20:00,61.0,30.8,73.0,1.1992565967410145,-0.8660254037844385,-0.5000000000000004,-15.0,0.0,0
2026-02-03 16:40:00,61.0,30.4,73.0,1.1721754721688065,-0.8660254037844385,-0.5000000000000004,0.0,-1.0,0
2026-02-03 16:50:00,60.0,30.2,69.0,1.3305147431699593,-0.8660254037844385,-0.5000000000000004,-1.0,-16.0,0
2026-02-03 17:10:00,61.0,29.4,73.0,1.106786201618159,-0.9659258262890683,-0.25881904510252063,1.0,0.0,0
2026-02-03 17:20:00,59.0,30.3,76.0,1.0359900918889466,-0.9659258262890683,-0.25881904510252063,-2.0,-2.0,0
2026-02-03 17:40:00,59.0,30.3,72.0,1.208655107203771,-0.9659258262890683,-0.25881904510252063,0.0,-1.0,0
2026-02-03 17:50:00,61.0,29.9,75.0,1.0546970991325857,-0.9659258262890683,-0.25881904510252063,2.0,0.0,0
2026-02-03 18:10:00,60.0,29.9,76.0,1.0125092151672823,-1.0,-1.8369701987210297e-16,-1.0,1.0,0
2026-02-03 18:20:00,59.0,29.6,74.0,1.0781372290312143,-1.0,-1.8369701987210297e-16,-1.0,0.0,0
2026-02-03 18:40:00,75.0,29.8,77.0,0.9647655005109872,-1.0,-1.8369701987210297e-16,16.0,14.0,0
2026-02-03 18:50:00,75.0,29.4,78.0,0.9018257939110925,-1.0,-1.8369701987210297e-16,0.0,15.0,0
2026-02-03 19:10:00,61.0,29.1,79.0,0.8460657288844224,-0.9659258262890684,0.2588190451025203,-14.0,2.0,0
2026-02-03 19:20:00,61.0,28.4,84.0,0.6190181946446032,-0.9659258262890684,0.2588190451025203,0.0,-14.0,0
2026-02-03 19:40:00,59.0,28.0,83.0,0.6425881618791949,-0.9659258262890684,0.2588190451025203,-2.0,-16.0,0
2026-02-03 19:50:00,77.0,28.9,82.0,0.7168656898190298,-0.9659258262890684,0.2588190451025203,18.0,16.0,0
2026-02-03 20:10:00,86.0,29.7,81.0,0.7924134673634242,-0.8660254037844386,0.5000000000000001,9.0,25.0,0
2026-02-03 20:20:00,71.0,28.7,85.0,0.5905130254424584,-0.8660254037844386,0.5000000000000001,-15.0,12.0,0
2026-02-03 20:40:00,71.0,27.8,90.0,0.37361349407572053,-0.8660254037844386,0.5000000000000001,0.0,-6.0,0
2026-02-03 20:50:00,86.0,28.9,90.0,0.39825871656612755,-0.8660254037844386,0.5000000000000001,15.0,0.0,0
2026-02-03 21:10:00,73.0,27.6,92.0,0.29542255682338414,-0.7071067811865477,0.7071067811865474,-13.0,2.0,0
2026-02-03 21:20:00,73.0,27.7,93.0,0.2600082366655436,-0.7071067811865477,0.7071067811865474,0.0,2.0,0
2026-02-03 21:40:00,84.0,27.0,93.0,0.249573812306759,-0.7071067811865477,0.7071067811865474,11.0,-2.0,0
2026-02-03 21:50:00,86.0,27.0,93.0,0.249573812306759,-0.7071067811865477,0.7071067811865474,2.0,13.0,0
2026-02-03 22:10:00,76.0,27.1,93.0,0.2510417396445739,-0.5000000000000004,0.8660254037844384,-10.0,3.0,0
2026-02-03 22:20:00,75.0,27.6,93.0,0.25849473722046135,-0.5000000000000004,0.8660254037844384,-1.0,-9.0,0
2026-02-03 22:40:00,73.0,27.4,92.0,0.29198941279865576,-0.5000000000000004,0.8660254037844384,-2.0,-13.0,0
2026-02-03 22:50:00,75.0,27.8,93.0,0.2615294458530042,-0.5000000000000004,0.8660254037844384,2.0,-1.0,0
2026-02-03 23:10:00,86.0,27.1,92.0,0.28690484530808424,-0.25881904510252157,0.9659258262890681,11.0,11.0,0
2026-02-03 23:20:00,70.0,26.1,92.0,0.2705089449476876,-0.25881904510252157,0.9659258262890681,-16.0,-3.0,0
2026-02-03 23:40:00,74.0,26.2,92.0,0.2721109287628991,-0.25881904510252157,0.9659258262890681,4.0,-1.0,0
2026-02-03 23:50:00,75.0,26.6,92.0,0.27860183131647975,-0.25881904510252157,0.9659258262890681,1.0,-11.0,0
2026-02-04 00:10:00,88.0,26.6,92.0,0.27860183131647975,0.0,1.0,13.0,18.0,0
2026-02-04 00:20:00,75.0,26.6,92.0,0.27860183131647975,0.0,1.0,-13.0,1.0,0
2026-02-04 00:40:00,76.0,26.7,92.0,0.2802454787867479,0.0,1.0,1.0,1.0,0
2026-02-04 01:00:00,87.0,26.3,92.0,0.2737211734286573,0.25881904510252074,0.9659258262890683,11.0,-1.0,0
2026-02-04 01:10:00,88.0,26.4,92.0,0.2753397147622705,0.25881904510252074,0.9659258262890683,1.0,13.0,0
2026-02-04 01:30:00,75.0,26.1,92.0,0.2705089449476876,0.25881904510252074,0.9659258262890683,-13.0,-1.0,0
2026-02-04 01:40:00,76.0,26.5,92.0,0.27696658870382596,0.25881904510252074,0.9659258262890683,1.0,-11.0,0
2026-02-04 02:00:00,77.0,26.0,92.0,0.2689151862882051,0.49999999999999994,0.8660254037844387,1.0,-11.0,0
2026-02-04 02:10:00,77.0,26.5,93.0,0.24234576511584738,0.49999999999999994,0.8660254037844387,0.0,2.0,0
2026-02-04 02:30:00,76.0,25.8,92.0,0.2657522022678669,0.49999999999999994,0.8660254037844387,-1.0,0.0,0
2026-02-04 02:40:00,76.0,25.0,93.0,0.22174444022547934,0.49999999999999994,0.8660254037844387,0.0,-1.0,0
2026-02-04 03:00:00,76.0,25.8,92.0,0.2657522022678669,0.7071067811865476,0.7071067811865476,0.0,-1.0,0
2026-02-04 03:10:00,88.0,25.2,92.0,0.25645697943325496,0.7071067811865476,0.7071067811865476,12.0,12.0,0
2026-02-04 03:30:00,77.0,25.1,93.0,0.22306870335435125,0.7071067811865476,0.7071067811865476,-11.0,1.0,0
2026-02-04 03:40:00,75.0,25.5,93.0,0.22843496335271363,0.7071067811865476,0.7071067811865476,-2.0,-1.0,0
2026-02-04 04:00:00,77.0,25.6,92.0,0.26262169358215415,0.8660254037844386,0.5000000000000001,2.0,-11.0,0
2026-02-04 04:10:00,77.0,25.3,92.0,0.2579862072568888,0.8660254037844386,0.5000000000000001,0.0,0.0,0
2026-02-04 04:30:00,77.0,25.7,93.0,0.2311600428613203,0.8660254037844386,0.5000000000000001,0.0,2.0,0
2026-02-04 04:40:00,90.0,25.1,93.0,0.22306870335435125,0.8660254037844386,0.5000000000000001,13.0,13.0,0
2026-02-04 05:00:00,77.0,25.9,92.0,0.26732961721183335,0.9659258262890683,0.25881904510252074,-13.0,0.0,0
2026-02-04 05:10:00,77.0,25.3,92.0,0.2579862072568888,0.9659258262890683,0.25881904510252074,0.0,0.0,0
2026-02-04 05:30:00,77.0,25.0,94.0,0.19006666305041087,0.9659258262890683,0.25881904510252074,0.0,-13.0,0
2026-02-04 05:40:00,90.0,26.0,93.0,0.23530078800217913,0.9659258262890683,0.25881904510252074,13.0,13.0,0
2026-02-04 06:00:00,78.0,26.2,91.0,0.3061247948582615,1.0,6.123233995736766e-17,-12.0,1.0,0
2026-02-04 06:10:00,78.0,26.3,92.0,0.2737211734286573,1.0,6.123233995736766e-17,0.0,1.0,0
2026-02-04 06:30:00,77.0,26.3,93.0,0.23950602675007504,1.0,6.123233995736766e-17,-1.0,-13.0,0
2026-02-04 06:40:00,78.0,25.1,92.0,0.25493566097640175,1.0,6.123233995736766e-17,1.0,0.0,0
2026-02-04 07:00:00,90.0,25.3,92.0,0.2579862072568888,0.9659258262890683,-0.25881904510252063,12.0,12.0,0
2026-02-04 07:10:00,92.0,26.2,93.0,0.23809706266753672,0.9659258262890683,-0.25881904510252063,2.0,15.0,0
2026-02-04 07:30:00,90.0,26.1,92.0,0.2705089449476876,0.9659258262890683,-0.25881904510252063,-2.0,12.0,0
2026-02-04 07:40:00,78.0,26.3,91.0,0.3079363201072396,0.9659258262890683,-0.25881904510252063,-12.0,-12.0,0
2026-02-04 08:00:00,87.0,26.5,92.0,0.27696658870382596,0.8660254037844387,-0.4999999999999998,9.0,-5.0,0
2026-02-04 08:10:00,74.0,27.1,90.0,0.3586310566351054,0.8660254037844387,-0.4999999999999998,-13.0,-16.0,0
2026-02-04 08:30:00,75.0,27.4,90.0,0.3649867659983199,0.8660254037844387,-0.4999999999999998,1.0,-3.0,0
2026-02-04 08:40:00,74.0,26.5,91.0,0.3115874122918041,0.8660254037844387,-0.4999999999999998,-1.0,-13.0,0
2026-02-04 09:00:00,83.0,28.450000000000003,88.5,0.44621235214254273,0.7071067811865476,-0.7071067811865475,9.0,9.0,0
2026-02-04 09:10:00,87.0,29.1,87.0,0.5237549750236901,0.7071067811865476,-0.7071067811865475,4.0,12.0,0
2026-02-04 09:30:00,86.0,30.2,80.0,0.8583966084967476,0.7071067811865476,-0.7071067811865475,-1.0,12.0,0
2026-02-04 09:40:00,83.0,30.9,75.0,1.1167696660671687,0.7071067811865476,-0.7071067811865475,-3.0,0.0,0
2026-02-04 10:00:00,84.0,32.9,73.0,1.3505403999000913,0.49999999999999994,-0.8660254037844387,1.0,-3.0,0
2026-02-04 10:10:00,81.0,30.9,79.0,0.9380865194964216,0.49999999999999994,-0.8660254037844387,-3.0,-5.0,0
2026-02-04 10:30:00,78.0,34.0,56.0,2.3404744923383456,0.49999999999999994,-0.8660254037844387,-3.0,-5.0,0
2026-02-04 11:00:00,73.0,33.9,58.0,2.2216801337733307,0.258819045102521,-0.9659258262890682,-5.0,-11.0,0
2026-02-04 11:30:00,77.0,34.5,60.0,2.1876583610640155,0.258819045102521,-0.9659258262890682,4.0,-4.0,0
2026-02-04 11:40:00,77.0,34.5,57.0,2.351732738143817,0.258819045102521,-0.9659258262890682,0.0,-1.0,0
2026-02-04 12:00:00,70.0,33.2,67.0,1.6786615366529296,1.2246467991473532e-16,-1.0,-7.0,-3.0,0
2026-02-04 13:30:00,65.0,33.0,63.0,1.8611546843745348,-0.2588190451025208,-0.9659258262890683,-5.0,-12.0,0
2026-02-04 14:00:00,70.0,34.5,61.0,2.132966902037415,-0.4999999999999997,-0.8660254037844388,5.0,-7.0,0
2026-02-04 14:20:00,71.0,34.5,59.0,2.242349820090616,-0.4999999999999997,-0.8660254037844388,1.0,1.0,0
2026-02-04 14:30:00,68.0,35.8,55.0,2.6442512931891664,-0.4999999999999997,-0.8660254037844388,-3.0,3.0,0
2026-02-04 14:50:00,67.0,34.7,60.0,2.2120471863769158,-0.4999999999999997,-0.8660254037844388,-1.0,-3.0,0
2026-02-04 15:00:00,67.0,34.8,59.0,2.279938021105665,-0.7071067811865471,-0.7071067811865479,0.0,-4.0,0
2026-02-04 15:20:00,68.0,34.5,64.0,1.9688925249576137,-0.7071067811865471,-0.7071067811865479,1.0,0.0,0
2026-02-04 15:30:00,68.0,32.3,65.0,1.6925921340113588,-0.7071067811865471,-0.7071067811865479,0.0,1.0,0
2026-02-04 15:50:00,67.0,32.7,68.0,1.5827580081350257,-0.7071067811865471,-0.7071067811865479,-1.0,0.0,0
2026-02-04 16:40:00,43.0,31.2,76.0,1.0905599007948972,-0.8660254037844385,-0.5000000000000004,-24.0,-25.0,0
2026-02-04 16:50:00,44.0,31.1,79.0,0.9488288005147774,-0.8660254037844385,-0.5000000000000004,1.0,-24.0,0
2026-02-04 17:10:00,44.0,31.9,77.0,1.0874336750860225,-0.9659258262890683,-0.25881904510252063,0.0,-23.0,0
2026-02-04 17:20:00,45.0,30.1,81.0,0.8108179898627434,-0.9659258262890683,-0.25881904510252063,1.0,2.0,0
2026-02-04 17:40:00,45.0,30.7,83.0,0.7507929356654528,-0.9659258262890683,-0.25881904510252063,0.0,1.0,0
2026-02-04 17:50:00,46.0,29.1,83.0,0.6849103519540565,-0.9659258262890683,-0.25881904510252063,1.0,2.0,0
2026-02-04 18:10:00,47.0,29.4,86.0,0.5738891415797864,-1.0,-1.8369701987210297e-16,1.0,2.0,0
2026-02-04 18:20:00,47.0,29.3,84.0,0.6521038729217574,-1.0,-1.8369701987210297e-16,0.0,2.0,0
2026-02-04 18:40:00,47.0,28.4,88.0,0.46426364598345193,-1.0,-1.8369701987210297e-16,0.0,1.0,0
2026-02-04 18:50:00,47.0,28.8,88.0,0.47515351554608865,-1.0,-1.8369701987210297e-16,0.0,0.0,0
2026-02-04 19:10:00,48.0,27.6,89.0,0.4062060156321534,-0.9659258262890684,0.2588190451025203,1.0,1.0,0
2026-02-04 19:20:00,48.0,27.4,88.0,0.43798411919798363,-0.9659258262890684,0.2588190451025203,0.0,1.0,0
2026-02-04 19:40:00,48.0,27.8,88.0,0.44833619289086446,-0.9659258262890684,0.2588190451025203,0.0,1.0,0
2026-02-04 19:50:00,48.0,27.0,91.0,0.320880615822976,-0.9659258262890684,0.2588190451025203,0.0,0.0,0
2026-02-04 20:10:00,48.0,27.7,91.0,0.3342963042842708,-0.8660254037844386,0.5000000000000001,0.0,0.0,0
2026-02-04 20:20:00,48.0,27.7,90.0,0.3714403380936342,-0.8660254037844386,0.5000000000000001,0.0,0.0,0
2026-02-04 20:40:00,48.0,27.1,90.0,0.3586310566351054,-0.8660254037844386,0.5000000000000001,0.0,0.0,0
2026-02-04 20:50:00,48.0,26.9,90.0,0.35444766708090336,-0.8660254037844386,0.5000000000000001,0.0,0.0,0
2026-02-04 21:10:00,48.0,26.1,90.0,0.33813618118461,-0.7071067811865477,0.7071067811865474,0.0,0.0,0
2026-02-04 21:20:00,48.0,26.7,90.0,0.35030684848343485,-0.7071067811865477,0.7071067811865474,0.0,0.0,0
2026-02-04 21:40:00,49.0,26.2,91.0,0.3061247948582615,-0.7071067811865477,0.7071067811865474,1.0,1.0,0
2026-02-04 21:50:00,49.0,26.9,90.0,0.35444766708090336,-0.7071067811865477,0.7071067811865474,0.0,1.0,0
2026-02-04 22:10:00,48.0,26.5,90.0,0.3462082358797822,-0.5000000000000004,0.8660254037844384,-1.0,0.0,0
2026-02-04 22:20:00,49.0,26.0,90.0,0.33614398286025615,-0.5000000000000004,0.8660254037844384,1.0,0.0,0
2026-02-04 22:40:00,49.0,26.6,90.0,0.3482522891455999,-0.5000000000000004,0.8660254037844384,0.0,0.0,0
2026-02-04 22:50:00,49.0,26.5,91.0,0.3115874122918041,-0.5000000000000004,0.8660254037844384,0.0,1.0,0
2026-02-04 23:10:00,49.0,26.9,91.0,0.319002900372813,-0.25881904510252157,0.9659258262890681,0.0,0.0,0
2026-02-04 23:30:00,49.0,26.3,91.0,0.3079363201072396,-0.25881904510252157,0.9659258262890681,0.0,0.0,0
2026-02-04 23:40:00,49.0,26.9,90.0,0.35444766708090336,-0.25881904510252157,0.9659258262890681,0.0,0.0,0
2026-02-05 00:00:00,49.0,26.2,90.0,0.3401386609536239,0.0,1.0,0.0,0.0,0
2026-02-05 00:10:00,50.0,26.0,90.0,0.33614398286025615,0.0,1.0,1.0,1.0,0
2026-02-05 00:30:00,50.0,25.8,92.0,0.2657522022678669,0.0,1.0,0.0,1.0,0
2026-02-05 00:40:00,46.0,25.2,91.0,0.288514101862412,0.0,1.0,-4.0,-3.0,0
2026-02-05 01:00:00,47.0,25.9,93.0,0.2339134150603539,0.25881904510252074,0.9659258262890683,1.0,-3.0,0
2026-02-05 01:10:00,49.0,25.7,93.0,0.2311600428613203,0.25881904510252074,0.9659258262890683,2.0,-1.0,0
2026-02-05 01:30:00,48.0,25.2,94.0,0.19234273457494133,0.25881904510252074,0.9659258262890683,-1.0,2.0,0
2026-02-05 01:40:00,48.0,24.6,94.0,0.18558487977135263,0.25881904510252074,0.9659258262890683,0.0,1.0,0
2026-02-05 02:00:00,48.0,24.9,94.0,0.1889374607544263,0.49999999999999994,0.8660254037844387,0.0,-1.0,0
2026-02-05 02:10:00,49.0,24.3,94.0,0.18228430291329278,0.49999999999999994,0.8660254037844387,1.0,1.0,0
2026-02-05 02:30:00,49.0,24.6,94.0,0.18558487977135263,0.49999999999999994,0.8660254037844387,0.0,1.0,0
2026-02-05 02:40:00,49.0,24.1,94.0,0.1801124726605896,0.49999999999999994,0.8660254037844387,0.0,1.0,0
2026-02-05 03:00:00,49.0,24.7,94.0,0.1866965946669752,0.7071067811865476,0.7071067811865476,0.0,0.0,0
2026-02-05 03:10:00,49.0,24.4,94.0,0.18337875918100588,0.7071067811865476,0.7071067811865476,0.0,0.0,0
2026-02-05 03:30:00,49.0,24.1,95.0,0.15009372721715808,0.7071067811865476,0.7071067811865476,0.0,0.0,0
2026-02-05 03:40:00,49.0,24.1,95.0,0.15009372721715808,0.7071067811865476,0.7071067811865476,0.0,0.0,0
2026-02-05 04:00:00,49.0,24.2,95.0,0.15099629091279976,0.8660254037844386,0.5000000000000001,0.0,0.0,0
2026-02-05 04:10:00,49.0,24.3,95.0,0.15190358576107732,0.8660254037844386,0.5000000000000001,0.0,0.0,0
2026-02-05 04:30:00,49.0,24.4,94.0,0.18337875918100588,0.8660254037844386,0.5000000000000001,0.0,0.0,0
2026-02-05 04:40:00,49.0,24.9,95.0,0.15744788396202214,0.8660254037844386,0.5000000000000001,0.0,0.0,0
2026-02-05 05:00:00,49.0,24.4,95.0,0.1528156326508383,0.9659258262890683,0.25881904510252074,0.0,0.0,0
2026-02-05 05:10:00,50.0,24.8,95.0,0.15651176096565145,0.9659258262890683,0.25881904510252074,1.0,1.0,0
2026-02-05 05:30:00,49.0,24.6,95.0,0.15465406647612712,0.9659258262890683,0.25881904510252074,-1.0,0.0,0
2026-02-05 05:40:00,50.0,24.4,95.0,0.1528156326508383,0.9659258262890683,0.25881904510252074,1.0,1.0,0
2026-02-05 06:00:00,50.0,24.7,95.0,0.15558049555581288,1.0,6.123233995736766e-17,0.0,0.0,0
2026-02-05 06:10:00,50.0,24.8,95.0,0.15651176096565145,1.0,6.123233995736766e-17,0.0,1.0,0
2026-02-05 06:30:00,50.0,24.5,95.0,0.15373245254407975,1.0,6.123233995736766e-17,0.0,0.0,0
2026-02-05 06:40:00,50.0,24.6,94.0,0.18558487977135263,1.0,6.123233995736766e-17,0.0,0.0,0
2026-02-05 07:00:00,50.0,24.7,95.0,0.15558049555581288,0.9659258262890683,-0.25881904510252063,0.0,0.0,0
2026-02-05 07:10:00,50.0,24.8,95.0,0.15651176096565145,0.9659258262890683,-0.25881904510252063,0.0,0.0,0
2026-02-05 07:30:00,50.0,24.5,95.0,0.15373245254407975,0.9659258262890683,-0.25881904510252063,0.0,0.0,0
2026-02-05 07:50:00,47.0,25.7,93.0,0.2311600428613203,0.9659258262890683,-0.25881904510252063,-3.0,-3.0,0
2026-02-05 08:00:00,46.0,27.3,90.0,0.36285738459938655,0.8660254037844387,-0.4999999999999998,-1.0,-4.0,0
2026-02-05 08:20:00,45.0,33.9,61.0,2.062988695646664,0.8660254037844387,-0.4999999999999998,-1.0,-5.0,0
2026-02-05 12:50:00,40.0,35.5,56.0,2.5431736625947132,1.2246467991473532e-16,-1.0,-5.0,-7.0,0
2026-02-05 13:00:00,38.0,34.2,68.0,1.7212099881591598,-0.2588190451025208,-0.9659258262890683,-2.0,-8.0,0
2026-02-05 13:20:00,39.0,34.4,67.0,1.794830115515011,-0.2588190451025208,-0.9659258262890683,1.0,-6.0,0
2026-02-05 13:30:00,38.0,33.7,61.0,2.040109617501278,-0.2588190451025208,-0.9659258262890683,-1.0,-2.0,0
2026-02-05 13:50:00,39.0,35.9,68.0,1.8907131691905352,-0.2588190451025208,-0.9659258262890683,1.0,1.0,0
2026-02-05 15:20:00,62.0,32.2,72.0,1.3464576622736284,-0.7071067811865471,-0.7071067811865479,23.0,23.0,0
2026-02-05 15:30:00,64.0,30.1,77.0,0.9815165140443738,-0.7071067811865471,-0.7071067811865479,2.0,26.0,0
2026-02-05 15:50:00,64.0,30.4,75.0,1.0853476594155618,-0.7071067811865471,-0.7071067811865479,0.0,25.0,0
2026-02-05 16:00:00,71.0,30.9,76.0,1.0720988794244817,-0.8660254037844385,-0.5000000000000004,7.0,9.0,0
2026-02-05 16:20:00,68.0,30.1,76.0,1.0241911450897812,-0.8660254037844385,-0.5000000000000004,-3.0,4.0,0
2026-02-05 16:30:00,69.0,30.3,77.0,0.9928238380602403,-0.8660254037844385,-0.5000000000000004,1.0,5.0,0
2026-02-05 16:50:00,70.0,29.5,78.0,0.9070348032638598,-0.8660254037844385,-0.5000000000000004,1.0,-1.0,0
2026-02-05 17:00:00,70.0,29.0,79.0,0.8411922960180434,-0.9659258262890683,-0.25881904510252063,0.0,2.0,0
2026-02-05 17:20:00,78.0,29.5,79.0,0.8658059485700478,-0.9659258262890683,-0.25881904510252063,8.0,9.0,0
2026-02-05 17:30:00,80.0,29.0,81.0,0.7610787440163249,-0.9659258262890683,-0.25881904510252063,2.0,10.0,0
2026-02-05 17:50:00,81.0,29.5,82.0,0.7421193844886127,-0.9659258262890683,-0.25881904510252063,1.0,11.0,0
2026-02-05 18:00:00,85.0,29.9,84.0,0.6750061434448553,-1.0,-1.8369701987210297e-16,4.0,7.0,0
2026-02-05 18:20:00,81.0,28.3,86.0,0.5385045921343967,-1.0,-1.8369701987210297e-16,-4.0,1.0,0
2026-02-05 18:30:00,85.0,28.8,88.0,0.47515351554608865,-1.0,-1.8369701987210297e-16,4.0,4.0,0
2026-02-05 18:50:00,85.0,28.8,88.0,0.47515351554608865,-1.0,-1.8369701987210297e-16,0.0,0.0,0
2026-02-05 19:00:00,85.0,28.5,89.0,0.42805174843037364,-0.9659258262890684,0.2588190451025203,0.0,4.0,0
2026-02-05 19:20:00,81.0,28.6,89.0,0.4305410228547828,-0.9659258262890684,0.2588190451025203,-4.0,-4.0,0
2026-02-05 19:30:00,81.0,28.8,90.0,0.39596126295507394,-0.9659258262890684,0.2588190451025203,0.0,-4.0,0
2026-02-05 19:50:00,84.0,28.7,90.0,0.39367535029497214,-0.9659258262890684,0.2588190451025203,3.0,-1.0,0
2026-02-05 20:00:00,80.0,27.4,91.0,0.32848808939848784,-0.8660254037844386,0.5000000000000001,-4.0,-1.0,0
2026-02-05 20:20:00,81.0,27.9,91.0,0.3382179399786609,-0.8660254037844386,0.5000000000000001,1.0,0.0,0
2026-02-05 20:30:00,81.0,27.2,90.0,0.36073883025255116,-0.8660254037844386,0.5000000000000001,0.0,-3.0,0
2026-02-05 20:50:00,82.0,27.7,90.0,0.3714403380936342,-0.8660254037844386,0.5000000000000001,1.0,2.0,0
2026-02-05 21:00:00,81.0,27.4,90.0,0.3649867659983199,-0.7071067811865477,0.7071067811865474,-1.0,0.0,0
2026-02-05 21:20:00,81.0,27.8,90.0,0.37361349407572053,-0.7071067811865477,0.7071067811865474,0.0,0.0,0
2026-02-05 21:30:00,80.0,27.4,89.0,0.40148544259815155,-0.7071067811865477,0.7071067811865474,-1.0,-2.0,0
2026-02-05 21:50:00,80.0,27.3,88.0,0.43542886151926385,-0.7071067811865477,0.7071067811865474,0.0,-1.0,0
2026-02-05 22:10:00,83.0,27.6,89.0,0.4062060156321534,-0.5000000000000004,0.8660254037844384,3.0,2.0,0
2026-02-05 22:20:00,80.0,27.4,90.0,0.3649867659983199,-0.5000000000000004,0.8660254037844384,-3.0,0.0,0
2026-02-05 22:40:00,69.0,27.1,90.0,0.3586310566351054,-0.5000000000000004,0.8660254037844384,-11.0,-11.0,0
2026-02-05 22:50:00,69.0,27.6,91.0,0.3323503764263074,-0.5000000000000004,0.8660254037844384,0.0,-14.0,0
2026-02-05 23:10:00,68.0,26.2,92.0,0.2721109287628991,-0.25881904510252157,0.9659258262890681,-1.0,-12.0,0
2026-02-05 23:20:00,68.0,26.9,92.0,0.2835581336647226,-0.25881904510252157,0.9659258262890681,0.0,-1.0,0
2026-02-05 23:40:00,69.0,26.5,92.0,0.27696658870382596,-0.25881904510252157,0.9659258262890681,1.0,0.0,0
2026-02-05 23:50:00,68.0,26.9,92.0,0.2835581336647226,-0.25881904510252157,0.9659258262890681,-1.0,0.0,0
2026-02-06 00:10:00,69.0,26.6,92.0,0.27860183131647975,0.0,1.0,1.0,1.0,1
2026-02-06 00:20:00,72.0,26.8,92.0,0.2818975674247941,0.0,1.0,3.0,3.0,1
2026-02-06 00:40:00,70.0,26.9,92.0,0.2835581336647226,0.0,1.0,-2.0,2.0,1
2026-02-06 00:50:00,70.0,26.5,92.0,0.27696658870382596,0.0,1.0,0.0,1.0,1
2026-02-06 01:10:00,70.0,26.1,92.0,0.2705089449476876,0.25881904510252074,0.9659258262890683,0.0,-2.0,1
2026-02-06 01:20:00,70.0,26.0,92.0,0.2689151862882051,0.25881904510252074,0.9659258262890683,0.0,0.0,1
2026-02-06 01:40:00,73.0,26.6,92.0,0.27860183131647975,0.25881904510252074,0.9659258262890683,3.0,3.0,1
2026-02-06 01:50:00,70.0,26.6,92.0,0.27860183131647975,0.25881904510252074,0.9659258262890683,-3.0,0.0,1
2026-02-06 02:10:00,72.0,26.7,92.0,0.2802454787867479,0.49999999999999994,0.8660254037844387,2.0,2.0,1
2026-02-06 02:20:00,69.0,26.3,92.0,0.2737211734286573,0.49999999999999994,0.8660254037844387,-3.0,-4.0,1
2026-02-06 02:40:00,69.0,26.4,91.0,0.3097571791075544,0.49999999999999994,0.8660254037844387,0.0,-1.0,1
2026-02-06 02:50:00,69.0,26.3,91.0,0.3079363201072396,0.49999999999999994,0.8660254037844387,0.0,-3.0,1
2026-02-06 03:10:00,70.0,26.3,92.0,0.2737211734286573,0.7071067811865476,0.7071067811865476,1.0,1.0,1
2026-02-06 03:20:00,72.0,26.3,92.0,0.2737211734286573,0.7071067811865476,0.7071067811865476,2.0,3.0,1
2026-02-06 03:40:00,71.0,26.4,92.0,0.2753397147622705,0.7071067811865476,0.7071067811865476,-1.0,2.0,1
2026-02-06 03:50:00,69.0,26.2,92.0,0.2721109287628991,0.7071067811865476,0.7071067811865476,-2.0,-1.0,1
2026-02-06 04:10:00,70.0,26.0,92.0,0.2689151862882051,0.8660254037844386,0.5000000000000001,1.0,-2.0,1
2026-02-06 04:20:00,72.0,26.4,92.0,0.2753397147622705,0.8660254037844386,0.5000000000000001,2.0,1.0,1
2026-02-06 04:40:00,69.0,26.0,92.0,0.2689151862882051,0.8660254037844386,0.5000000000000001,-3.0,0.0,1
2026-02-06 04:50:00,69.0,26.3,92.0,0.2737211734286573,0.8660254037844386,0.5000000000000001,0.0,-1.0,1
2026-02-06 05:10:00,69.0,26.2,92.0,0.2721109287628991,0.9659258262890683,0.25881904510252074,0.0,-3.0,1
2026-02-06 05:20:00,69.0,26.6,92.0,0.27860183131647975,0.9659258262890683,0.25881904510252074,0.0,0.0,1
2026-02-06 05:40:00,69.0,25.7,92.0,0.26418290612722295,0.9659258262890683,0.25881904510252074,0.0,0.0,1
2026-02-06 05:50:00,71.0,25.5,92.0,0.2610685295459585,0.9659258262890683,0.25881904510252074,2.0,2.0,1
2026-02-06 06:10:00,69.0,25.5,93.0,0.22843496335271363,1.0,6.123233995736766e-17,-2.0,0.0,1
2026-02-06 06:30:00,69.0,25.7,93.0,0.2311600428613203,1.0,6.123233995736766e-17,0.0,0.0,1
2026-02-06 06:40:00,69.0,25.7,93.0,0.2311600428613203,1.0,6.123233995736766e-17,0.0,-2.0,1
2026-02-06 07:00:00,69.0,25.9,92.0,0.26732961721183335,0.9659258262890683,-0.25881904510252063,0.0,0.0,1
2026-02-06 07:10:00,69.0,26.4,92.0,0.2753397147622705,0.9659258262890683,-0.25881904510252063,0.0,0.0,1
2026-02-06 07:30:00,71.0,26.1,92.0,0.2705089449476876,0.9659258262890683,-0.25881904510252063,2.0,2.0,1
2026-02-06 07:40:00,69.0,26.5,91.0,0.3115874122918041,0.9659258262890683,-0.25881904510252063,-2.0,0.0,1
2026-02-06 08:00:00,69.0,26.3,91.0,0.3079363201072396,0.8660254037844387,-0.4999999999999998,0.0,0.0,1
2026-02-06 08:10:00,69.0,27.7,89.0,0.40858437190299757,0.8660254037844387,-0.4999999999999998,0.0,-2.0,1
2026-02-06 08:30:00,71.0,27.4,88.0,0.43798411919798363,0.8660254037844387,-0.4999999999999998,2.0,2.0,1
2026-02-06 08:40:00,71.0,27.8,86.0,0.5230588917060088,0.8660254037844387,-0.4999999999999998,0.0,2.0,1
2026-02-06 09:00:00,69.0,28.0,84.0,0.604788858239242,0.7071067811865476,-0.7071067811865475,-2.0,0.0,1
2026-02-06 09:10:00,68.0,28.8,82.0,0.7127302733191332,0.7071067811865476,-0.7071067811865475,-1.0,-3.0,1
2026-02-06 09:30:00,67.0,28.0,79.0,0.793785376439005,0.7071067811865476,-0.7071067811865475,-1.0,-4.0,1
2026-02-06 09:40:00,67.0,28.9,78.0,0.8761691764454804,0.7071067811865476,-0.7071067811865475,0.0,-2.0,1
2026-02-06 10:00:00,69.0,28.8,77.0,0.9107109047966695,0.49999999999999994,-0.8660254037844387,2.0,1.0,1
2026-02-06 10:10:00,67.0,28.0,76.0,0.9071832873588632,0.49999999999999994,-0.8660254037844387,-2.0,0.0,1
2026-02-06 10:30:00,66.0,29.6,74.0,1.0781372290312143,0.49999999999999994,-0.8660254037844387,-1.0,-1.0,1
2026-02-06 10:40:00,66.0,29.8,73.0,1.1325508049476807,0.49999999999999994,-0.8660254037844387,0.0,-3.0,1
2026-02-06 11:00:00,65.0,30.0,72.0,1.1880582164525237,0.258819045102521,-0.9659258262890682,-1.0,-2.0,1
2026-02-06 11:10:00,65.0,30.6,71.0,1.2734746645478707,0.258819045102521,-0.9659258262890682,0.0,-1.0,1
2026-02-06 11:30:00,65.0,30.5,69.0,1.3535465893554557,0.258819045102521,-0.9659258262890682,0.0,-1.0,1
2026-02-06 11:40:00,66.0,30.4,71.0,1.2590032849220516,0.258819045102521,-0.9659258262890682,1.0,1.0,1
2026-02-06 11:50:00,79.0,30.9,70.0,1.3401235992806027,0.258819045102521,-0.9659258262890682,13.0,14.0,1
2026-02-06 12:10:00,78.0,30.2,71.0,1.2446750823202843,1.2246467991473532e-16,-1.0,-1.0,13.0,1
2026-02-06 12:20:00,78.0,30.4,73.0,1.1721754721688065,1.2246467991473532e-16,-1.0,0.0,12.0,1
2026-02-06 12:40:00,78.0,30.7,72.0,1.2366001293313338,1.2246467991473532e-16,-1.0,0.0,-1.0,1
2026-02-06 12:50:00,77.0,30.8,69.0,1.3769242407026465,1.2246467991473532e-16,-1.0,-1.0,-1.0,1
2026-02-06 13:10:00,77.0,30.7,70.0,1.3249287099978577,-0.2588190451025208,-0.9659258262890683,0.0,-1.0,1
2026-02-06 13:20:00,80.0,30.5,73.0,1.1788954165353966,-0.2588190451025208,-0.9659258262890683,3.0,2.0,1
2026-02-06 13:40:00,75.0,30.8,72.0,1.2436735077314225,-0.2588190451025208,-0.9659258262890683,-5.0,-2.0,1
2026-02-06 13:50:00,75.0,30.6,74.0,1.141735906146367,-0.2588190451025208,-0.9659258262890683,0.0,-2.0,1
2026-02-06 14:10:00,75.0,30.2,74.0,1.115915591045772,-0.4999999999999997,-0.8660254037844388,0.0,-5.0,1
2026-02-06 14:20:00,74.0,30.0,74.0,1.1031969152773433,-0.4999999999999997,-0.8660254037844388,-1.0,-1.0,1
2026-02-06 14:40:00,74.0,30.4,74.0,1.1287615657921841,-0.4999999999999997,-0.8660254037844388,0.0,-1.0,1
2026-02-06 14:50:00,77.0,30.6,71.0,1.2734746645478707,-0.4999999999999997,-0.8660254037844388,3.0,2.0,1
2026-02-06 15:10:00,73.0,30.6,71.0,1.2734746645478707,-0.7071067811865471,-0.7071067811865479,-4.0,-1.0,1
2026-02-06 15:20:00,73.0,30.3,72.0,1.208655107203771,-0.7071067811865471,-0.7071067811865479,0.0,-1.0,1
2026-02-06 15:40:00,73.0,30.4,75.0,1.0853476594155618,-0.7071067811865471,-0.7071067811865479,0.0,-4.0,1
2026-02-06 15:50:00,72.0,30.8,74.0,1.1548396857506065,-0.7071067811865471,-0.7071067811865479,-1.0,-1.0,1
2026-02-06 16:10:00,75.0,30.6,74.0,1.141735906146367,-0.8660254037844385,-0.5000000000000004,3.0,2.0,1
2026-02-06 16:20:00,71.0,30.4,74.0,1.1287615657921841,-0.8660254037844385,-0.5000000000000004,-4.0,-2.0,1
2026-02-06 16:40:00,74.0,30.6,73.0,1.185648825613535,-0.8660254037844385,-0.5000000000000004,3.0,2.0,1
2026-02-06 16:50:00,70.0,30.5,73.0,1.1788954165353966,-0.8660254037844385,-0.5000000000000004,-4.0,-5.0,1
2026-02-06 17:10:00,70.0,29.6,75.0,1.0366704125300137,-0.9659258262890683,-0.25881904510252063,0.0,-1.0,1
2026-02-06 17:20:00,70.0,29.7,76.0,1.0009433271959045,-0.9659258262890683,-0.25881904510252063,0.0,-4.0,1
2026-02-06 17:40:00,69.0,29.0,76.0,0.9613626240206208,-0.9659258262890683,-0.25881904510252063,-1.0,-1.0,1
2026-02-06 17:50:00,73.0,29.8,77.0,0.9647655005109872,-0.9659258262890683,-0.25881904510252063,4.0,3.0,1
2026-02-06 18:10:00,69.0,29.3,78.0,0.8966428252674161,-1.0,-1.8369701987210297e-16,-4.0,-1.0,1
2026-02-06 18:20:00,70.0,29.7,78.0,0.9175313832629124,-1.0,-1.8369701987210297e-16,1.0,1.0,1
2026-02-06 18:40:00,69.0,29.0,80.0,0.8011355200171839,-1.0,-1.8369701987210297e-16,-1.0,-4.0,1
2026-02-06 18:50:00,73.0,29.2,81.0,0.7699195441773194,-1.0,-1.8369701987210297e-16,4.0,4.0,1
2026-02-06 19:10:00,74.0,28.8,83.0,0.6731341470236258,-0.9659258262890684,0.2588190451025203,1.0,4.0,1
2026-02-06 19:30:00,69.0,28.0,84.0,0.604788858239242,-0.9659258262890684,0.2588190451025203,-5.0,0.0,1
2026-02-06 19:40:00,69.0,28.6,84.0,0.626241487788775,-0.9659258262890684,0.2588190451025203,0.0,-4.0,1
2026-02-06 20:00:00,69.0,28.8,84.0,0.633538020728118,-0.8660254037844386,0.5000000000000001,0.0,-5.0,1
2026-02-06 20:10:00,69.0,28.3,84.0,0.6154338195821678,-0.8660254037844386,0.5000000000000001,0.0,0.0,1
2026-02-06 20:30:00,68.0,28.2,85.0,0.5736258027081078,-0.8660254037844386,0.5000000000000001,-1.0,-1.0,1
2026-02-06 20:40:00,68.0,28.0,85.0,0.5669895545992896,-0.8660254037844386,0.5000000000000001,0.0,-1.0,1
2026-02-06 21:00:00,72.0,28.1,85.0,0.5702992761633774,-0.7071067811865477,0.7071067811865474,4.0,3.0,1
2026-02-06 21:10:00,70.0,28.3,85.0,0.5769692058582825,-0.7071067811865477,0.7071067811865474,-2.0,2.0,1
2026-02-06 21:30:00,70.0,27.9,86.0,0.5261167955223618,-0.7071067811865477,0.7071067811865474,0.0,2.0,1
2026-02-06 21:40:00,66.0,28.3,85.0,0.5769692058582825,-0.7071067811865477,0.7071067811865474,-4.0,-6.0,1
2026-02-06 22:00:00,65.0,27.4,88.0,0.43798411919798363,-0.5000000000000004,0.8660254037844384,-1.0,-5.0,1
2026-02-06 22:10:00,64.0,27.7,88.0,0.44572840571236094,-0.5000000000000004,0.8660254037844384,-1.0,-6.0,1
2026-02-06 22:30:00,68.0,27.2,88.0,0.4328865963030615,-0.5000000000000004,0.8660254037844384,4.0,2.0,1
2026-02-06 22:40:00,64.0,27.1,88.0,0.4303572679621266,-0.5000000000000004,0.8660254037844384,-4.0,-1.0,1
2026-02-06 23:00:00,64.0,27.7,88.0,0.44572840571236094,-0.25881904510252157,0.9659258262890681,0.0,0.0,1
2026-02-06 23:10:00,64.0,27.0,89.0,0.392187419339193,-0.25881904510252157,0.9659258262890681,0.0,-4.0,1
2026-02-06 23:30:00,63.0,27.5,89.0,0.40383972302208715,-0.25881904510252157,0.9659258262890681,-1.0,-1.0,1
2026-02-06 23:40:00,64.0,27.2,88.0,0.4328865963030615,-0.25881904510252157,0.9659258262890681,1.0,0.0,1
2026-02-07 00:00:00,64.0,27.2,88.0,0.4328865963030615,0.0,1.0,0.0,0.0,1
2026-02-07 00:10:00,64.0,27.3,89.0,0.399143123059325,0.0,1.0,0.0,1.0,1
2026-02-07 00:30:00,67.0,27.4,89.0,0.40148544259815155,0.0,1.0,3.0,3.0,1
2026-02-07 00:40:00,63.0,27.4,88.0,0.43798411919798363,0.0,1.0,-4.0,-1.0,1
2026-02-07 01:00:00,63.0,27.8,88.0,0.44833619289086446,0.25881904510252074,0.9659258262890683,0.0,-1.0,1
2026-02-07 01:10:00,63.0,27.2,86.0,0.5050343623535718,0.25881904510252074,0.9659258262890683,0.0,-4.0,1
2026-02-07 01:30:00,63.0,27.4,87.0,0.4744827957978157,0.25881904510252074,0.9659258262890683,0.0,0.0,1
2026-02-07 01:40:00,63.0,27.9,87.0,0.4885370244136218,0.25881904510252074,0.9659258262890683,0.0,0.0,1
2026-02-07 02:00:00,67.0,27.5,87.0,0.47726512720792114,0.49999999999999994,0.8660254037844387,4.0,4.0,1
2026-02-07 02:10:00,63.0,27.0,87.0,0.46349422285541,0.49999999999999994,0.8660254037844387,-4.0,0.0,1
2026-02-07 02:30:00,63.0,27.2,88.0,0.4328865963030615,0.49999999999999994,0.8660254037844387,0.0,0.0,1
2026-02-07 02:40:00,62.0,26.0,89.0,0.3697583811462821,0.49999999999999994,0.8660254037844387,-1.0,-5.0,1
2026-02-07 03:00:00,62.0,26.6,89.0,0.38307751806015977,0.7071067811865476,0.7071067811865476,0.0,-1.0,1
2026-02-07 03:10:00,62.0,26.9,89.0,0.38989243378899374,0.7071067811865476,0.7071067811865476,0.0,-1.0,1
2026-02-07 03:30:00,63.0,26.8,89.0,0.3876091552090921,0.7071067811865476,0.7071067811865476,1.0,1.0,1
2026-02-07 03:50:00,66.0,26.9,89.0,0.38989243378899374,0.7071067811865476,0.7071067811865476,3.0,4.0,1
2026-02-07 04:00:00,62.0,26.8,89.0,0.3876091552090921,0.8660254037844386,0.5000000000000001,-4.0,0.0,1
2026-02-07 04:20:00,62.0,26.6,89.0,0.38307751806015977,0.8660254037844386,0.5000000000000001,0.0,-1.0,1
2026-02-07 04:30:00,62.0,26.7,89.0,0.38533753333177856,0.8660254037844386,0.5000000000000001,0.0,-4.0,1
2026-02-07 04:50:00,62.0,26.0,89.0,0.3697583811462821,0.8660254037844386,0.5000000000000001,0.0,0.0,1
2026-02-07 05:00:00,62.0,26.1,90.0,0.33813618118461,0.9659258262890683,0.25881904510252074,0.0,0.0,1
2026-02-07 05:20:00,62.0,26.9,89.0,0.38989243378899374,0.9659258262890683,0.25881904510252074,0.0,0.0,1
2026-02-07 05:30:00,62.0,26.9,89.0,0.38989243378899374,0.9659258262890683,0.25881904510252074,0.0,0.0,1
2026-02-07 05:50:00,62.0,26.1,89.0,0.3719497993030707,0.9659258262890683,0.25881904510252074,0.0,0.0,1
2026-02-07 06:00:00,62.0,26.3,89.0,0.37636661346440414,1.0,6.123233995736766e-17,0.0,0.0,1
2026-02-07 06:20:00,61.0,26.8,89.0,0.3876091552090921,1.0,6.123233995736766e-17,-1.0,-1.0,1
2026-02-07 06:30:00,61.0,26.8,89.0,0.3876091552090921,1.0,6.123233995736766e-17,0.0,-1.0,1
2026-02-07 06:50:00,65.0,26.2,90.0,0.3401386609536239,1.0,6.123233995736766e-17,4.0,3.0,1
2026-02-07 07:00:00,61.0,26.4,89.0,0.37859210779812225,0.9659258262890683,-0.25881904510252063,-4.0,0.0,1
2026-02-07 07:20:00,61.0,26.0,90.0,0.33614398286025615,0.9659258262890683,-0.25881904510252063,0.0,0.0,1
2026-02-07 07:30:00,61.0,26.8,90.0,0.35237195928099263,0.9659258262890683,-0.25881904510252063,0.0,-4.0,1
2026-02-07 07:50:00,64.0,27.6,88.0,0.44313383523507666,0.9659258262890683,-0.25881904510252063,3.0,3.0,1
2026-02-07 08:00:00,64.0,27.0,89.0,0.392187419339193,0.8660254037844387,-0.4999999999999998,0.0,3.0,1
2026-02-07 08:30:00,52.0,27.5,86.0,0.5139778293008384,0.8660254037844387,-0.4999999999999998,-12.0,-9.0,1
2026-02-07 13:00:00,47.0,35.6,55.0,2.615330402225865,-0.2588190451025208,-0.9659258262890683,-5.0,-17.0,1
2026-02-07 14:40:00,59.0,31.5,71.0,1.3403999818773964,-0.4999999999999997,-0.8660254037844388,12.0,-5.0,1
2026-02-07 15:00:00,67.0,30.4,74.0,1.1287615657921841,-0.7071067811865471,-0.7071067811865479,8.0,15.0,1
2026-02-07 15:10:00,63.0,30.5,76.0,1.0479070369203525,-0.7071067811865471,-0.7071067811865479,-4.0,16.0,1
2026-02-07 15:30:00,65.0,30.1,76.0,1.0241911450897812,-0.7071067811865471,-0.7071067811865479,2.0,6.0,1
2026-02-07 15:40:00,65.0,30.5,78.0,0.9605814505103227,-0.7071067811865471,-0.7071067811865479,0.0,-2.0,1
2026-02-07 16:00:00,65.0,30.1,79.0,0.8961672519535586,-0.8660254037844385,-0.5000000000000004,0.0,2.0,1
2026-02-07 16:10:00,64.0,30.7,75.0,1.104107258331548,-0.8660254037844385,-0.5000000000000004,-1.0,-1.0,1
2026-02-07 16:30:00,64.0,30.2,77.0,0.9871560997712598,-0.8660254037844385,-0.5000000000000004,0.0,-1.0,1
2026-02-07 16:40:00,64.0,30.5,79.0,0.9169186573053083,-0.8660254037844385,-0.5000000000000004,0.0,-1.0,1
2026-02-07 17:00:00,64.0,30.5,78.0,0.9605814505103227,-0.9659258262890683,-0.25881904510252063,0.0,0.0,1
2026-02-07 17:20:00,68.0,30.6,79.0,0.922171308810527,-0.9659258262890683,-0.25881904510252063,4.0,4.0,1
2026-02-07 17:30:00,64.0,29.0,78.0,0.8812490720189023,-0.9659258262890683,-0.25881904510252063,-4.0,0.0,1
2026-02-07 17:50:00,64.0,29.3,79.0,0.8558863332098063,-0.9659258262890683,-0.25881904510252063,0.0,0.0,1
2026-02-07 18:00:00,63.0,29.4,82.0,0.7378574677454397,-1.0,-1.8369701987210297e-16,-1.0,-5.0,1
2026-02-07 18:20:00,63.0,29.9,83.0,0.7171940274101587,-1.0,-1.8369701987210297e-16,0.0,-1.0,1
2026-02-07 18:30:00,62.0,28.1,86.0,0.5322793244191519,-1.0,-1.8369701987210297e-16,-1.0,-2.0,1
2026-02-07 18:50:00,62.0,28.2,86.0,0.5353840825275671,-1.0,-1.8369701987210297e-16,0.0,-1.0,1
2026-02-07 19:00:00,66.0,28.8,86.0,0.5543457681371033,-0.9659258262890684,0.2588190451025203,4.0,3.0,1
2026-02-07 19:20:00,62.0,28.5,88.0,0.466965543742226,-0.9659258262890684,0.2588190451025203,-4.0,0.0,1
2026-02-07 19:30:00,62.0,28.1,87.0,0.4942593726749269,-0.9659258262890684,0.2588190451025203,0.0,0.0,1
2026-02-07 19:50:00,62.0,28.9,87.0,0.517736331535966,-0.9659258262890684,0.2588190451025203,0.0,-4.0,1
2026-02-07 20:00:00,62.0,28.2,86.0,0.5353840825275671,-0.8660254037844386,0.5000000000000001,0.0,0.0,1
2026-02-07 20:20:00,64.0,28.9,84.0,0.6372139465058044,-0.8660254037844386,0.5000000000000001,2.0,2.0,1
2026-02-07 20:30:00,60.0,28.7,83.0,0.669248095501453,-0.8660254037844386,0.5000000000000001,-4.0,-2.0,1
2026-02-07 20:50:00,64.0,28.3,82.0,0.6923630470299389,-0.8660254037844386,0.5000000000000001,4.0,2.0,1
2026-02-07 21:00:00,60.0,28.7,82.0,0.7086156305309506,-0.7071067811865477,0.7071067811865474,-4.0,-4.0,1
2026-02-07 21:20:00,61.0,28.8,82.0,0.7127302733191332,-0.7071067811865477,0.7071067811865474,1.0,1.0,1
2026-02-07 21:30:00,60.0,27.7,83.0,0.6314485747591783,-0.7071067811865477,0.7071067811865474,-1.0,-4.0,1
2026-02-07 21:50:00,60.0,27.6,82.0,0.6647007528526148,-0.7071067811865477,0.7071067811865474,0.0,0.0,1
2026-02-07 22:00:00,60.0,27.0,82.0,0.6417612316459524,-0.5000000000000004,0.8660254037844384,0.0,-1.0,1
2026-02-07 22:20:00,60.0,27.7,82.0,0.6685926085685416,-0.5000000000000004,0.8660254037844384,0.0,0.0,1
2026-02-07 22:30:00,63.0,27.5,82.0,0.6608286376725063,-0.5000000000000004,0.8660254037844384,3.0,3.0,1
2026-02-07 22:50:00,60.0,27.5,82.0,0.6608286376725063,-0.5000000000000004,0.8660254037844384,-3.0,0.0,1
2026-02-07 23:00:00,60.0,27.8,83.0,0.6351429399287252,-0.25881904510252157,0.9659258262890681,0.0,0.0,1
2026-02-07 23:20:00,60.0,27.2,84.0,0.5771821284040821,-0.25881904510252157,0.9659258262890681,0.0,-3.0,1
2026-02-07 23:30:00,60.0,27.9,85.0,0.5636965666311018,-0.25881904510252157,0.9659258262890681,0.0,0.0,1
2026-02-07 23:50:00,59.0,26.6,86.0,0.48755320480384023,-0.25881904510252157,0.9659258262890681,-1.0,-1.0,1
2026-02-08 00:00:00,63.0,26.0,87.0,0.4369871777183332,0.0,1.0,4.0,3.0,1
2026-02-08 00:20:00,63.0,26.5,87.0,0.45007070664371707,0.0,1.0,0.0,3.0,1
2026-02-08 00:30:00,60.0,26.1,88.0,0.4057634174215319,0.0,1.0,-3.0,1.0,1
2026-02-08 00:50:00,60.0,26.5,88.0,0.41544988305573893,0.0,1.0,0.0,-3.0,1
2026-02-08 01:00:00,58.0,26.6,88.0,0.4179027469747201,0.25881904510252074,0.9659258262890683,-2.0,-5.0,1
2026-02-08 01:20:00,59.0,26.1,89.0,0.3719497993030707,0.25881904510252074,0.9659258262890683,1.0,-1.0,1
2026-02-08 01:40:00,60.0,26.6,89.0,0.38307751806015977,0.25881904510252074,0.9659258262890683,1.0,0.0,1
2026-02-08 01:50:00,60.0,26.7,89.0,0.38533753333177856,0.25881904510252074,0.9659258262890683,0.0,2.0,1
2026-02-08 02:10:00,60.0,26.0,89.0,0.3697583811462821,0.49999999999999994,0.8660254037844387,0.0,1.0,1
2026-02-08 02:20:00,63.0,26.5,89.0,0.3808290594677608,0.49999999999999994,0.8660254037844387,3.0,3.0,1
2026-02-08 02:40:00,59.0,26.2,89.0,0.3741525270489867,0.49999999999999994,0.8660254037844387,-4.0,-1.0,1
2026-02-08 02:50:00,59.0,26.1,89.0,0.3719497993030707,0.49999999999999994,0.8660254037844387,0.0,-1.0,1
2026-02-08 03:10:00,59.0,26.1,89.0,0.3719497993030707,0.7071067811865476,0.7071067811865476,0.0,-4.0,1
2026-02-08 03:20:00,59.0,26.6,89.0,0.38307751806015977,0.7071067811865476,0.7071067811865476,0.0,0.0,1
2026-02-08 03:40:00,59.0,26.9,90.0,0.35444766708090336,0.7071067811865476,0.7071067811865476,0.0,0.0,1
2026-02-08 03:50:00,61.0,25.8,90.0,0.3321902528348337,0.7071067811865476,0.7071067811865476,2.0,2.0,1
2026-02-08 04:10:00,60.0,25.6,90.0,0.3282771169776928,0.8660254037844386,0.5000000000000001,-1.0,1.0,1
2026-02-08 04:20:00,60.0,25.4,90.0,0.32440422381586753,0.8660254037844386,0.5000000000000001,0.0,1.0,1
2026-02-08 04:40:00,61.0,25.2,91.0,0.288514101862412,0.8660254037844386,0.5000000000000001,1.0,0.0,1
2026-02-08 04:50:00,61.0,25.4,91.0,0.2919638014342807,0.8660254037844386,0.5000000000000001,0.0,1.0,1
2026-02-08 05:10:00,61.0,26.4,90.0,0.3441746434528383,0.9659258262890683,0.25881904510252074,0.0,1.0,1
2026-02-08 05:20:00,64.0,26.9,91.0,0.319002900372813,0.9659258262890683,0.25881904510252074,3.0,3.0,1
2026-02-08 05:40:00,61.0,26.5,90.0,0.3462082358797822,0.9659258262890683,0.25881904510252074,-3.0,0.0,1
2026-02-08 05:50:00,60.0,26.5,90.0,0.3462082358797822,0.9659258262890683,0.25881904510252074,-1.0,-1.0,1
2026-02-08 06:10:00,64.0,25.1,90.0,0.3186695762205023,1.0,6.123233995736766e-17,4.0,0.0,1
2026-02-08 06:20:00,60.0,25.1,90.0,0.3186695762205023,1.0,6.123233995736766e-17,-4.0,-1.0,1
2026-02-08 06:40:00,60.0,25.8,90.0,0.3321902528348337,1.0,6.123233995736766e-17,0.0,0.0,1
2026-02-08 06:50:00,61.0,25.4,91.0,0.2919638014342807,1.0,6.123233995736766e-17,1.0,-3.0,1
2026-02-08 07:10:00,61.0,26.3,91.0,0.3079363201072396,0.9659258262890683,-0.25881904510252063,0.0,1.0,1
2026-02-08 19:20:00,67.0,28.6,88.0,0.46968111584158123,-0.9659258262890684,0.2588190451025203,6.0,7.0,1
2026-02-08 19:30:00,58.0,28.9,88.0,0.4779104598793529,-0.9659258262890684,0.2588190451025203,-9.0,-3.0,1
2026-02-08 19:50:00,57.0,27.2,89.0,0.3968127132778063,-0.9659258262890684,0.2588190451025203,-1.0,-4.0,1
2026-02-08 20:00:00,58.0,28.8,88.0,0.47515351554608865,-0.8660254037844386,0.5000000000000001,1.0,-9.0,1
2026-02-08 20:20:00,57.0,28.7,85.0,0.5905130254424584,-0.8660254037844386,0.5000000000000001,-1.0,-1.0,1
2026-02-08 20:30:00,57.0,28.8,85.0,0.5939418944326107,-0.8660254037844386,0.5000000000000001,0.0,0.0,1
2026-02-08 20:50:00,58.0,27.9,86.0,0.5261167955223618,-0.8660254037844386,0.5000000000000001,1.0,0.0,1
2026-02-08 21:10:00,58.0,27.4,87.0,0.4744827957978157,-0.7071067811865477,0.7071067811865474,0.0,1.0,1
2026-02-08 21:20:00,82.0,27.1,87.0,0.4662203736256374,-0.7071067811865477,0.7071067811865474,24.0,25.0,1
2026-02-08 21:30:00,93.0,27.3,87.0,0.4717145999792023,-0.7071067811865477,0.7071067811865474,11.0,35.0,1
2026-02-08 21:50:00,85.0,27.2,85.0,0.541108245378827,-0.7071067811865477,0.7071067811865474,-8.0,27.0,1
2026-02-08 22:00:00,85.0,27.3,86.0,0.5080003384391412,-0.5000000000000004,0.8660254037844384,0.0,3.0,1
2026-02-08 22:20:00,83.0,27.8,87.0,0.48569754229843687,-0.5000000000000004,0.8660254037844384,-2.0,-10.0,1
2026-02-08 22:30:00,84.0,27.3,85.0,0.5442860768990796,-0.5000000000000004,0.8660254037844384,1.0,-1.0,1
2026-02-08 22:50:00,84.0,27.0,85.0,0.534801026371627,-0.5000000000000004,0.8660254037844384,0.0,-1.0,1
2026-02-08 23:00:00,83.0,26.4,86.0,0.48184450083397357,-0.25881904510252157,0.9659258262890681,-1.0,0.0,1
2026-02-08 23:20:00,88.0,26.1,87.0,0.4395770355399926,-0.25881904510252157,0.9659258262890681,5.0,4.0,1
2026-02-08 23:30:00,86.0,26.0,87.0,0.4369871777183332,-0.25881904510252157,0.9659258262890681,-2.0,2.0,1
2026-02-08 23:50:00,81.0,26.6,88.0,0.4179027469747201,-0.25881904510252157,0.9659258262890681,-5.0,-2.0,1
2026-02-09 00:00:00,81.0,26.1,88.0,0.4057634174215319,0.0,1.0,0.0,-7.0,1
2026-02-09 00:20:00,79.0,26.7,88.0,0.4203682181801218,0.0,1.0,-2.0,-7.0,1
2026-02-09 00:30:00,79.0,26.8,87.0,0.45808354706529064,0.0,1.0,0.0,-2.0,1
2026-02-09 00:50:00,78.0,26.0,88.0,0.40337277943230765,0.0,1.0,-1.0,-3.0,1
2026-02-09 01:00:00,80.0,26.0,88.0,0.40337277943230765,0.25881904510252074,0.9659258262890683,2.0,1.0,1
2026-02-09 01:20:00,75.0,26.1,88.0,0.4057634174215319,0.25881904510252074,0.9659258262890683,-5.0,-4.0,1
2026-02-09 01:30:00,75.0,26.9,86.0,0.4962267339132649,0.25881904510252074,0.9659258262890683,0.0,-3.0,1
2026-02-09 01:50:00,74.0,26.0,88.0,0.40337277943230765,0.25881904510252074,0.9659258262890683,-1.0,-6.0,1
2026-02-09 02:10:00,73.0,26.8,87.0,0.45808354706529064,0.49999999999999994,0.8660254037844387,-1.0,-2.0,1
2026-02-09 02:20:00,73.0,26.0,87.0,0.4369871777183332,0.49999999999999994,0.8660254037844387,0.0,-2.0,1
2026-02-09 02:40:00,72.0,26.8,88.0,0.42284635113719116,0.49999999999999994,0.8660254037844387,-1.0,-2.0,1
2026-02-09 02:50:00,72.0,26.1,88.0,0.4057634174215319,0.49999999999999994,0.8660254037844387,0.0,-1.0,1
2026-02-09 03:10:00,72.0,26.9,88.0,0.4253372004970841,0.7071067811865476,0.7071067811865476,0.0,-1.0,1
2026-02-09 03:20:00,72.0,26.9,89.0,0.38989243378899374,0.7071067811865476,0.7071067811865476,0.0,0.0,1
2026-02-09 03:40:00,71.0,26.9,89.0,0.38989243378899374,0.7071067811865476,0.7071067811865476,-1.0,-1.0,1
2026-02-09 03:50:00,72.0,26.0,89.0,0.3697583811462821,0.7071067811865476,0.7071067811865476,1.0,0.0,1
2026-02-09 04:10:00,71.0,25.4,90.0,0.32440422381586753,0.8660254037844386,0.5000000000000001,-1.0,-1.0,1
2026-02-09 04:20:00,71.0,26.6,88.0,0.4179027469747201,0.8660254037844386,0.5000000000000001,0.0,0.0,1
2026-02-09 04:40:00,73.0,26.9,88.0,0.4253372004970841,0.8660254037844386,0.5000000000000001,2.0,1.0,1
2026-02-09 04:50:00,73.0,25.1,89.0,0.35053653384255234,0.8660254037844386,0.5000000000000001,0.0,2.0,1
2026-02-09 05:10:00,70.0,25.9,89.0,0.3675782236662708,0.9659258262890683,0.25881904510252074,-3.0,-1.0,1
2026-02-09 05:20:00,70.0,26.2,88.0,0.4081663931443491,0.9659258262890683,0.25881904510252074,0.0,-3.0,1
2026-02-09 05:40:00,70.0,26.3,88.0,0.4105817601429864,0.9659258262890683,0.25881904510252074,0.0,-3.0,1
2026-02-09 05:50:00,71.0,25.3,89.0,0.3547310349782222,0.9659258262890683,0.25881904510252074,1.0,1.0,1
2026-02-09 06:10:00,71.0,25.8,89.0,0.3654092781183169,1.0,6.123233995736766e-17,0.0,1.0,1
2026-02-09 06:20:00,69.0,25.4,90.0,0.32440422381586753,1.0,6.123233995736766e-17,-2.0,-1.0,1
2026-02-09 06:40:00,69.0,25.4,89.0,0.3568446461974544,1.0,6.123233995736766e-17,0.0,-2.0,1
2026-02-09 06:50:00,69.0,26.0,89.0,0.3697583811462821,1.0,6.123233995736766e-17,0.0,-2.0,1
2026-02-09 07:10:00,70.0,26.7,90.0,0.35030684848343485,0.9659258262890683,-0.25881904510252063,1.0,1.0,1
2026-02-09 07:20:00,68.0,26.9,90.0,0.35444766708090336,0.9659258262890683,-0.25881904510252063,-2.0,-1.0,1
2026-02-09 07:40:00,67.0,26.5,90.0,0.3462082358797822,0.9659258262890683,-0.25881904510252063,-1.0,-2.0,1
2026-02-09 07:50:00,69.0,26.8,87.0,0.45808354706529064,0.9659258262890683,-0.25881904510252063,2.0,-1.0,1
2026-02-09 08:10:00,67.0,26.2,85.0,0.5102079914304363,0.8660254037844387,-0.4999999999999998,-2.0,-1.0,1
2026-02-09 08:20:00,68.0,26.2,84.0,0.5442218575257987,0.8660254037844387,-0.4999999999999998,1.0,1.0,1
2026-02-09 08:40:00,59.0,27.6,81.0,0.7016285724555376,0.8660254037844387,-0.4999999999999998,-9.0,-10.0,1
2026-02-09 08:50:00,57.0,27.4,80.0,0.7299735319966394,0.8660254037844387,-0.4999999999999998,-2.0,-10.0,1
2026-02-09 09:10:00,56.0,27.4,68.0,1.1679576511946235,0.7071067811865476,-0.7071067811865475,-1.0,-12.0,1
2026-02-09 09:20:00,56.0,28.3,67.0,1.269332252888221,0.7071067811865476,-0.7071067811865475,0.0,-3.0,1
2026-02-09 09:40:00,57.0,28.5,68.0,1.245241449979269,0.7071067811865476,-0.7071067811865475,1.0,0.0,1
2026-02-09 09:50:00,56.0,28.7,64.0,1.4172312610619002,0.7071067811865476,-0.7071067811865475,-1.0,0.0,1
2026-02-09 10:10:00,56.0,28.5,66.0,1.3230690406029733,0.49999999999999994,-0.8660254037844387,0.0,0.0,1
2026-02-09 10:30:00,42.0,29.1,61.0,1.5712649250710702,0.49999999999999994,-0.8660254037844387,-14.0,-15.0,1
2026-02-09 15:50:00,40.0,33.8,59.0,2.1567277121269752,-0.7071067811865471,-0.7071067811865479,-2.0,-16.0,1
2026-02-09 16:00:00,40.0,33.4,58.0,2.1605272590854097,-0.8660254037844385,-0.5000000000000004,0.0,-16.0,1
2026-02-09 16:20:00,40.0,32.3,67.0,1.595872583496424,-0.8660254037844385,-0.5000000000000004,0.0,-2.0,1
2026-02-09 16:40:00,40.0,31.9,68.0,1.5129512001196832,-0.8660254037844385,-0.5000000000000004,0.0,0.0,1
2026-02-09 16:50:00,40.0,31.2,69.0,1.408639871860076,-0.8660254037844385,-0.5000000000000004,0.0,0.0,1
2026-02-09 17:10:00,44.0,30.2,74.0,1.115915591045772,-0.9659258262890683,-0.25881904510252063,4.0,4.0,1
2026-02-09 17:20:00,44.0,30.9,76.0,1.0720988794244817,-0.9659258262890683,-0.25881904510252063,0.0,4.0,1
2026-02-09 17:40:00,51.0,29.1,72.0,1.1280876385125636,-0.9659258262890683,-0.25881904510252063,7.0,11.0,1
2026-02-09 17:50:00,51.0,28.4,74.0,1.0059045662974797,-0.9659258262890683,-0.25881904510252063,0.0,7.0,1
2026-02-09 18:10:00,52.0,28.4,82.0,0.6963954689751786,-1.0,-1.8369701987210297e-16,1.0,8.0,1
2026-02-09 18:20:00,52.0,27.9,84.0,0.6012763377398422,-1.0,-1.8369701987210297e-16,0.0,1.0,1
2026-02-09 18:40:00,52.0,26.3,88.0,0.4105817601429864,-1.0,-1.8369701987210297e-16,0.0,1.0,1
2026-02-09 18:50:00,53.0,26.2,91.0,0.3061247948582615,-1.0,-1.8369701987210297e-16,1.0,1.0,1
2026-02-09 19:10:00,53.0,26.7,91.0,0.31527616363509114,-0.9659258262890684,0.2588190451025203,0.0,1.0,1
2026-02-09 19:20:00,53.0,26.9,92.0,0.2835581336647226,-0.9659258262890684,0.2588190451025203,0.0,1.0,1
2026-02-09 19:40:00,53.0,25.2,92.0,0.25645697943325496,-0.9659258262890684,0.2588190451025203,0.0,0.0,1
2026-02-09 19:50:00,53.0,25.1,93.0,0.22306870335435125,-0.9659258262890684,0.2588190451025203,0.0,0.0,1
2026-02-09 20:10:00,53.0,25.1,93.0,0.22306870335435125,-0.8660254037844386,0.5000000000000001,0.0,0.0,1
2026-02-09 20:20:00,53.0,25.0,93.0,0.22174444022547934,-0.8660254037844386,0.5000000000000001,0.0,0.0,1
2026-02-09 20:40:00,54.0,25.0,93.0,0.22174444022547934,-0.8660254037844386,0.5000000000000001,1.0,1.0,1
2026-02-09 20:50:00,53.0,25.5,93.0,0.22843496335271363,-0.8660254037844386,0.5000000000000001,-1.0,0.0,1
2026-02-09 21:10:00,54.0,25.6,93.0,0.22979398188438482,-0.7071067811865477,0.7071067811865474,1.0,1.0,1
2026-02-09 21:20:00,54.0,25.8,94.0,0.1993141517009005,-0.7071067811865477,0.7071067811865474,0.0,0.0,1
2026-02-09 21:40:00,54.0,24.4,94.0,0.18337875918100588,-0.7071067811865477,0.7071067811865474,0.0,1.0,1
2026-02-09 21:50:00,54.0,24.5,94.0,0.1844789430528957,-0.7071067811865477,0.7071067811865474,0.0,0.0,1
2026-02-09 22:10:00,54.0,24.7,94.0,0.1866965946669752,-0.5000000000000004,0.8660254037844384,0.0,0.0,1
2026-02-09 22:20:00,54.0,24.4,94.0,0.18337875918100588,-0.5000000000000004,0.8660254037844384,0.0,0.0,1
2026-02-09 22:40:00,54.0,24.8,95.0,0.15651176096565145,-0.5000000000000004,0.8660254037844384,0.0,0.0,1
2026-02-09 22:50:00,54.0,24.4,94.0,0.18337875918100588,-0.5000000000000004,0.8660254037844384,0.0,0.0,1
2026-02-09 23:10:00,54.0,24.1,95.0,0.15009372721715808,-0.25881904510252157,0.9659258262890681,0.0,0.0,1
2026-02-09 23:20:00,54.0,24.1,94.0,0.1801124726605896,-0.25881904510252157,0.9659258262890681,0.0,0.0,1
2026-02-09 23:40:00,54.0,24.6,94.0,0.18558487977135263,-0.25881904510252157,0.9659258262890681,0.0,0.0,1
2026-02-09 23:50:00,54.0,24.8,94.0,0.18781411315878183,-0.25881904510252157,0.9659258262890681,0.0,0.0,1
2026-02-10 00:10:00,54.0,24.8,94.0,0.18781411315878183,0.0,1.0,0.0,0.0,1
2026-02-10 00:20:00,54.0,24.2,94.0,0.18119554909535962,0.0,1.0,0.0,0.0,1
2026-02-10 00:40:00,55.0,24.7,94.0,0.1866965946669752,0.0,1.0,1.0,1.0,1
2026-02-10 01:00:00,54.0,24.9,94.0,0.1889374607544263,0.25881904510252074,0.9659258262890683,-1.0,0.0,1
2026-02-10 01:10:00,54.0,24.1,95.0,0.15009372721715808,0.25881904510252074,0.9659258262890683,0.0,0.0,1
2026-02-10 01:30:00,54.0,24.9,94.0,0.1889374607544263,0.25881904510252074,0.9659258262890683,0.0,-1.0,1
2026-02-10 01:40:00,55.0,24.2,95.0,0.15099629091279976,0.25881904510252074,0.9659258262890683,1.0,1.0,1
2026-02-10 02:00:00,55.0,24.6,95.0,0.15465406647612712,0.49999999999999994,0.8660254037844387,0.0,1.0,1
2026-02-10 02:10:00,54.0,24.1,95.0,0.15009372721715808,0.49999999999999994,0.8660254037844387,-1.0,0.0,1
2026-02-10 02:30:00,54.0,24.4,95.0,0.1528156326508383,0.49999999999999994,0.8660254037844387,0.0,-1.0,1
2026-02-10 02:40:00,55.0,24.2,95.0,0.15099629091279976,0.49999999999999994,0.8660254037844387,1.0,0.0,1
2026-02-10 03:00:00,54.0,24.3,95.0,0.15190358576107732,0.7071067811865476,0.7071067811865476,-1.0,0.0,1
2026-02-10 03:10:00,54.0,24.3,95.0,0.15190358576107732,0.7071067811865476,0.7071067811865476,0.0,0.0,1
2026-02-10 03:30:00,54.0,24.7,95.0,0.15558049555581288,0.7071067811865476,0.7071067811865476,0.0,-1.0,1
2026-02-10 03:40:00,54.0,24.3,95.0,0.15190358576107732,0.7071067811865476,0.7071067811865476,0.0,0.0,1
2026-02-10 04:00:00,54.0,24.0,95.0,0.14919587385827793,0.8660254037844386,0.5000000000000001,0.0,0.0,1
2026-02-10 04:10:00,55.0,24.0,95.0,0.14919587385827793,0.8660254037844386,0.5000000000000001,1.0,1.0,1
2026-02-10 04:30:00,55.0,24.5,95.0,0.15373245254407975,0.8660254037844386,0.5000000000000001,0.0,1.0,1
2026-02-10 04:40:00,54.0,24.9,95.0,0.15744788396202214,0.8660254037844386,0.5000000000000001,-1.0,0.0,1
2026-02-10 05:00:00,54.0,24.4,95.0,0.1528156326508383,0.9659258262890683,0.25881904510252074,0.0,-1.0,1
2026-02-10 05:10:00,55.0,24.5,95.0,0.15373245254407975,0.9659258262890683,0.25881904510252074,1.0,0.0,1
2026-02-10 05:30:00,55.0,24.6,95.0,0.15465406647612712,0.9659258262890683,0.25881904510252074,0.0,1.0,1
2026-02-10 05:40:00,55.0,24.1,95.0,0.15009372721715808,0.9659258262890683,0.25881904510252074,0.0,1.0,1
2026-02-10 06:00:00,55.0,24.5,95.0,0.15373245254407975,1.0,6.123233995736766e-17,0.0,0.0,1
2026-02-10 06:10:00,55.0,23.8,96.0,0.11793137220088346,1.0,6.123233995736766e-17,0.0,0.0,1
2026-02-10 06:30:00,55.0,24.6,95.0,0.15465406647612712,1.0,6.123233995736766e-17,0.0,0.0,1
2026-02-10 06:40:00,55.0,24.0,95.0,0.14919587385827793,1.0,6.123233995736766e-17,0.0,0.0,1
2026-02-10 07:00:00,55.0,24.5,95.0,0.15373245254407975,0.9659258262890683,-0.25881904510252063,0.0,0.0,1
2026-02-10 07:10:00,54.0,25.1,95.0,0.15933478811025115,0.9659258262890683,-0.25881904510252063,-1.0,-1.0,1
2026-02-10 07:30:00,53.0,26.4,94.0,0.20650478607170308,0.9659258262890683,-0.25881904510252063,-1.0,-2.0,1
2026-02-10 07:40:00,51.0,28.3,90.0,0.38464613723885455,0.9659258262890683,-0.25881904510252063,-2.0,-4.0,1
2026-02-10 08:00:00,50.0,29.4,87.0,0.5328970600383731,0.8660254037844387,-0.4999999999999998,-1.0,-4.0,1
2026-02-10 08:10:00,49.0,32.3,70.0,1.4507932577240221,0.8660254037844387,-0.4999999999999998,-1.0,-4.0,1
2026-02-10 08:30:00,48.0,35.5,59.0,2.369775458326892,0.8660254037844387,-0.4999999999999998,-1.0,-3.0,1
2026-02-10 11:50:00,43.0,33.0,64.0,1.8108532064184661,0.258819045102521,-0.9659258262890682,-5.0,-7.0,1
2026-02-10 12:30:00,42.0,33.6,69.0,1.6125984413689594,1.2246467991473532e-16,-1.0,-1.0,-7.0,1
2026-02-10 15:10:00,41.0,34.2,59.0,2.205300297328924,-0.7071067811865471,-0.7071067811865479,-1.0,-7.0,1
2026-02-10 15:30:00,41.0,31.4,67.0,1.5166527144936892,-0.7071067811865471,-0.7071067811865479,0.0,-2.0,1
2026-02-10 15:40:00,42.0,31.5,64.0,1.6639448050891814,-0.7071067811865471,-0.7071067811865479,1.0,0.0,1
2026-02-10 16:00:00,41.0,31.4,67.0,1.5166527144936892,-0.8660254037844385,-0.5000000000000004,-1.0,0.0,1
2026-02-10 16:10:00,41.0,31.5,64.0,1.6639448050891814,-0.8660254037844385,-0.5000000000000004,0.0,0.0,1
2026-02-10 16:30:00,41.0,31.3,67.0,1.5080651480654135,-0.8660254037844385,-0.5000000000000004,0.0,-1.0,1
2026-02-10 16:40:00,41.0,31.8,68.0,1.5044163012992269,-0.8660254037844385,-0.5000000000000004,0.0,0.0,1
2026-02-10 17:00:00,41.0,30.2,70.0,1.2875949127451216,-0.9659258262890683,-0.25881904510252063,0.0,0.0,1
2026-02-10 17:10:00,33.0,30.2,72.0,1.201755251895447,-0.9659258262890683,-0.25881904510252063,-8.0,-8.0,1
2026-02-10 17:20:00,45.0,30.6,70.0,1.3173875840150386,-0.9659258262890683,-0.25881904510252063,12.0,4.0,1
2026-02-10 17:30:00,45.0,30.8,73.0,1.1992565967410145,-0.9659258262890683,-0.25881904510252063,0.0,4.0,1
2026-02-10 17:50:00,45.0,30.1,74.0,1.1095404071805968,-0.9659258262890683,-0.25881904510252063,0.0,12.0,1
2026-02-10 18:00:00,49.0,30.9,75.0,1.1167696660671687,-1.0,-1.8369701987210297e-16,4.0,4.0,1
2026-02-10 18:20:00,46.0,30.9,74.0,1.1614404527098556,-1.0,-1.8369701987210297e-16,-3.0,1.0,1
2026-02-10 18:30:00,46.0,29.3,74.0,1.0596687934978557,-1.0,-1.8369701987210297e-16,0.0,1.0,1
2026-02-10 18:50:00,46.0,29.7,76.0,1.0009433271959045,-1.0,-1.8369701987210297e-16,0.0,-3.0,1
2026-02-10 19:00:00,46.0,29.3,79.0,0.8558863332098063,-0.9659258262890684,0.2588190451025203,0.0,0.0,1
2026-02-10 19:20:00,46.0,29.7,79.0,0.8758254112964163,-0.9659258262890684,0.2588190451025203,0.0,0.0,1
2026-02-10 19:30:00,46.0,29.3,80.0,0.8151298411521966,-0.9659258262890684,0.2588190451025203,0.0,0.0,1
2026-02-10 19:50:00,46.0,29.4,82.0,0.7378574677454397,-0.9659258262890684,0.2588190451025203,0.0,0.0,1
2026-02-10 20:00:00,46.0,29.5,79.0,0.8658059485700478,-0.8660254037844386,0.5000000000000001,0.0,0.0,1
2026-02-10 20:20:00,46.0,28.7,85.0,0.5905130254424584,-0.8660254037844386,0.5000000000000001,0.0,0.0,1
2026-02-10 20:40:00,47.0,28.4,87.0,0.5029522831487401,-0.8660254037844386,0.5000000000000001,1.0,1.0,1
2026-02-10 20:50:00,46.0,28.1,86.0,0.5322793244191519,-0.8660254037844386,0.5000000000000001,-1.0,0.0,1
2026-02-10 21:10:00,46.0,28.1,84.0,0.6083192279076024,-0.7071067811865477,0.7071067811865474,0.0,0.0,1
2026-02-10 21:20:00,45.0,28.2,87.0,0.4971423623470268,-0.7071067811865477,0.7071067811865474,-1.0,-2.0,1
2026-02-10 21:40:00,45.0,29.1,82.0,0.7251991961866482,-0.7071067811865477,0.7071067811865474,0.0,-1.0,1
2026-02-10 21:50:00,44.0,29.9,85.0,0.6328182594795515,-0.7071067811865477,0.7071067811865474,-1.0,-2.0,1
2026-02-10 22:10:00,44.0,29.1,84.0,0.6446215077214648,-0.5000000000000004,0.8660254037844384,0.0,-1.0,1
2026-02-10 22:20:00,45.0,29.1,85.0,0.6043326634888735,-0.5000000000000004,0.8660254037844384,1.0,0.0,1
2026-02-10 22:40:00,45.0,28.9,86.0,0.5575622031925787,-0.5000000000000004,0.8660254037844384,0.0,1.0,1
2026-02-10 22:50:00,49.0,28.1,85.0,0.5702992761633774,-0.5000000000000004,0.8660254037844384,4.0,5.0,1
2026-02-10 23:10:00,45.0,28.5,85.0,0.5837069296777826,-0.25881904510252157,0.9659258262890681,-4.0,0.0,1
2026-02-10 23:20:00,45.0,28.4,84.0,0.6190181946446032,-0.25881904510252157,0.9659258262890681,0.0,0.0,1
2026-02-10 23:40:00,45.0,28.8,83.0,0.6731341470236258,-0.25881904510252157,0.9659258262890681,0.0,-4.0,1
2026-02-10 23:50:00,45.0,28.1,82.0,0.6843591313960529,-0.25881904510252157,0.9659258262890681,0.0,0.0,1
2026-02-11 00:10:00,43.0,28.8,83.0,0.6731341470236258,0.0,1.0,-2.0,-2.0,1
2026-02-11 00:20:00,49.0,28.8,85.0,0.5939418944326107,0.0,1.0,6.0,4.0,1
2026-02-11 00:40:00,45.0,28.4,85.0,0.5803295574793155,0.0,1.0,-4.0,0.0,1
2026-02-11 00:50:00,45.0,28.8,85.0,0.5939418944326107,0.0,1.0,0.0,2.0,1
2026-02-11 01:10:00,45.0,28.4,86.0,0.5416409203140278,0.25881904510252074,0.9659258262890683,0.0,-4.0,1
2026-02-11 01:20:00,49.0,28.1,85.0,0.5702992761633774,0.25881904510252074,0.9659258262890683,4.0,4.0,1
2026-02-11 01:40:00,45.0,28.5,86.0,0.5447931343659302,0.25881904510252074,0.9659258262890683,-4.0,0.0,1
2026-02-11 01:50:00,43.0,28.9,84.0,0.6372139465058044,0.25881904510252074,0.9659258262890683,-2.0,-2.0,1
2026-02-11 02:10:00,45.0,28.4,85.0,0.5803295574793155,0.49999999999999994,0.8660254037844387,2.0,-4.0,1
2026-02-11 02:20:00,45.0,28.1,85.0,0.5702992761633774,0.49999999999999994,0.8660254037844387,0.0,0.0,1
2026-02-11 02:40:00,45.0,28.4,85.0,0.5803295574793155,0.49999999999999994,0.8660254037844387,0.0,2.0,1
2026-02-11 02:50:00,49.0,28.8,86.0,0.5543457681371033,0.49999999999999994,0.8660254037844387,4.0,4.0,1
2026-02-11 03:10:00,45.0,27.7,88.0,0.44572840571236094,0.7071067811865476,0.7071067811865476,-4.0,0.0,1
2026-02-11 03:20:00,45.0,27.3,88.0,0.43542886151926385,0.7071067811865476,0.7071067811865476,0.0,0.0,1
2026-02-11 03:40:00,45.0,28.3,87.0,0.5000399784105114,0.7071067811865476,0.7071067811865476,0.0,-4.0,1
2026-02-11 03:50:00,45.0,27.7,88.0,0.44572840571236094,0.7071067811865476,0.7071067811865476,0.0,0.0,1
2026-02-11 04:10:00,45.0,27.4,89.0,0.40148544259815155,0.8660254037844386,0.5000000000000001,0.0,0.0,1
2026-02-11 04:20:00,45.0,27.2,89.0,0.3968127132778063,0.8660254037844386,0.5000000000000001,0.0,0.0,1
2026-02-11 04:40:00,45.0,27.6,89.0,0.4062060156321534,0.8660254037844386,0.5000000000000001,0.0,0.0,1
2026-02-11 05:00:00,45.0,27.4,89.0,0.40148544259815155,0.9659258262890683,0.25881904510252074,0.0,0.0,1
2026-02-11 05:10:00,49.0,27.4,89.0,0.40148544259815155,0.9659258262890683,0.25881904510252074,4.0,4.0,1
2026-02-11 05:30:00,50.0,27.3,88.0,0.43542886151926385,0.9659258262890683,0.25881904510252074,1.0,5.0,1
2026-02-11 05:40:00,50.0,27.5,87.0,0.47726512720792114,0.9659258262890683,0.25881904510252074,0.0,5.0,1
2026-02-11 06:00:00,49.0,27.1,86.0,0.5020834792891478,1.0,6.123233995736766e-17,-1.0,0.0,1
2026-02-11 06:10:00,45.0,27.2,86.0,0.5050343623535718,1.0,6.123233995736766e-17,-4.0,-5.0,1
2026-02-11 06:30:00,46.0,27.5,86.0,0.5139778293008384,1.0,6.123233995736766e-17,1.0,-4.0,1
2026-02-11 06:40:00,50.0,27.9,86.0,0.5261167955223618,1.0,6.123233995736766e-17,4.0,1.0,1
2026-02-11 07:00:00,45.0,27.5,86.0,0.5139778293008384,0.9659258262890683,-0.25881904510252063,-5.0,0.0,1
2026-02-11 07:10:00,45.0,27.2,85.0,0.541108245378827,0.9659258262890683,-0.25881904510252063,0.0,-1.0,1
2026-02-11 07:30:00,46.0,27.2,85.0,0.541108245378827,0.9659258262890683,-0.25881904510252063,1.0,-4.0,1
2026-02-11 07:40:00,44.0,27.3,85.0,0.5442860768990796,0.9659258262890683,-0.25881904510252063,-2.0,-1.0,1
2026-02-11 08:00:00,45.0,27.9,85.0,0.5636965666311018,0.8660254037844387,-0.4999999999999998,1.0,0.0,1
2026-02-11 08:10:00,45.0,27.5,86.0,0.5139778293008384,0.8660254037844387,-0.4999999999999998,0.0,-1.0,1
2026-02-11 08:30:00,50.0,27.3,86.0,0.5080003384391412,0.8660254037844387,-0.4999999999999998,5.0,6.0,1
2026-02-11 08:40:00,50.0,27.4,86.0,0.5109814723976478,0.8660254037844387,-0.4999999999999998,0.0,5.0,1
2026-02-11 09:00:00,45.0,27.6,86.0,0.5169894744409227,0.7071067811865476,-0.7071067811865475,-5.0,0.0,1
2026-02-11 09:10:00,46.0,27.2,89.0,0.3968127132778063,0.7071067811865476,-0.7071067811865475,1.0,-4.0,1
2026-02-11 09:30:00,46.0,27.5,89.0,0.40383972302208715,0.7071067811865476,-0.7071067811865475,0.0,-4.0,1
2026-02-11 09:40:00,46.0,27.1,90.0,0.3586310566351054,0.7071067811865476,-0.7071067811865475,0.0,1.0,1
2026-02-11 10:00:00,45.0,27.4,90.0,0.3649867659983199,0.49999999999999994,-0.8660254037844387,-1.0,-1.0,1
2026-02-11 10:10:00,49.0,27.7,90.0,0.3714403380936342,0.49999999999999994,-0.8660254037844387,4.0,3.0,1
2026-02-11 10:30:00,46.0,27.7,89.0,0.40858437190299757,0.49999999999999994,-0.8660254037844387,-3.0,0.0,1
2026-02-11 10:40:00,46.0,27.4,89.0,0.40148544259815155,0.49999999999999994,-0.8660254037844387,0.0,1.0,1
2026-02-11 11:00:00,46.0,27.6,89.0,0.4062060156321534,0.258819045102521,-0.9659258262890682,0.0,-3.0,1
2026-02-11 11:10:00,46.0,28.9,88.0,0.4779104598793529,0.258819045102521,-0.9659258262890682,0.0,0.0,1
2026-02-11 11:30:00,45.0,28.8,89.0,0.4355573892505813,0.258819045102521,-0.9659258262890682,-1.0,-1.0,1
2026-02-11 11:40:00,46.0,28.9,86.0,0.5575622031925787,0.258819045102521,-0.9659258262890682,1.0,0.0,1
2026-02-11 12:00:00,49.0,28.2,84.0,0.6118675228886481,1.2246467991473532e-16,-1.0,3.0,3.0,1
2026-02-11 12:10:00,46.0,28.3,86.0,0.5385045921343967,1.2246467991473532e-16,-1.0,-3.0,1.0,1
2026-02-11 12:30:00,49.0,28.1,85.0,0.5702992761633774,1.2246467991473532e-16,-1.0,3.0,3.0,1
2026-02-11 12:50:00,49.0,29.8,80.0,0.838926522183467,1.2246467991473532e-16,-1.0,0.0,0.0,1
2026-02-11 13:00:00,45.0,29.0,78.0,0.8812490720189023,-0.2588190451025208,-0.9659258262890683,-4.0,-1.0,1
2026-02-11 13:20:00,49.0,29.6,78.0,0.9122699630264117,-0.2588190451025208,-0.9659258262890683,4.0,0.0,1
2026-02-11 13:30:00,46.0,29.0,77.0,0.9213058480197618,-0.2588190451025208,-0.9659258262890683,-3.0,-3.0,1
2026-02-11 13:50:00,47.0,28.7,81.0,0.7479831655604472,-0.2588190451025208,-0.9659258262890683,1.0,2.0,1
2026-02-11 14:00:00,46.0,28.3,86.0,0.5385045921343967,-0.4999999999999997,-0.8660254037844388,-1.0,-3.0,1
2026-02-11 14:20:00,50.0,28.2,86.0,0.5353840825275671,-0.4999999999999997,-0.8660254037844388,4.0,4.0,1
2026-02-11 14:30:00,46.0,28.7,86.0,0.5511454904129613,-0.4999999999999997,-0.8660254037844388,-4.0,-1.0,1
2026-02-11 14:50:00,50.0,28.0,88.0,0.4535916436794314,-0.4999999999999997,-0.8660254037844388,4.0,4.0,1
2026-02-11 15:00:00,46.0,28.9,86.0,0.5575622031925787,-0.7071067811865471,-0.7071067811865479,-4.0,-4.0,1
2026-02-11 15:20:00,46.0,28.1,86.0,0.5322793244191519,-0.7071067811865471,-0.7071067811865479,0.0,0.0,1
2026-02-11 15:30:00,46.0,28.8,84.0,0.633538020728118,-0.7071067811865471,-0.7071067811865479,0.0,-4.0,1
2026-02-11 15:50:00,46.0,28.9,85.0,0.5973880748491913,-0.7071067811865471,-0.7071067811865479,0.0,0.0,1
2026-02-11 16:00:00,45.0,28.8,84.0,0.633538020728118,-0.8660254037844385,-0.5000000000000004,-1.0,-1.0,1
2026-02-11 16:20:00,46.0,28.0,84.0,0.604788858239242,-0.8660254037844385,-0.5000000000000004,1.0,0.0,1
2026-02-11 16:30:00,46.0,28.3,83.0,0.6538984333060531,-0.8660254037844385,-0.5000000000000004,0.0,0.0,1
2026-02-11 16:50:00,46.0,28.1,83.0,0.6463391796518279,-0.8660254037844385,-0.5000000000000004,0.0,1.0,1
2026-02-11 17:00:00,50.0,28.3,85.0,0.5769692058582825,-0.9659258262890683,-0.25881904510252063,4.0,4.0,1
2026-02-11 17:20:00,50.0,28.9,86.0,0.5575622031925787,-0.9659258262890683,-0.25881904510252063,0.0,4.0,1
2026-02-11 17:30:00,49.0,28.0,87.0,0.49139094731938426,-0.9659258262890683,-0.25881904510252063,-1.0,3.0,1
2026-02-11 17:50:00,45.0,28.4,87.0,0.5029522831487401,-0.9659258262890683,-0.25881904510252063,-4.0,-5.0,1
2026-02-11 18:00:00,46.0,28.2,88.0,0.4589006421664861,-1.0,-1.8369701987210297e-16,1.0,-4.0,1
2026-02-11 18:20:00,46.0,28.4,88.0,0.46426364598345193,-1.0,-1.8369701987210297e-16,0.0,-3.0,1
2026-02-11 18:30:00,46.0,28.5,88.0,0.466965543742226,-1.0,-1.8369701987210297e-16,0.0,1.0,1
2026-02-11 18:50:00,46.0,28.3,89.0,0.4231107509627403,-1.0,-1.8369701987210297e-16,0.0,0.0,1
2026-02-11 19:00:00,50.0,28.0,90.0,0.3779930363995261,-0.9659258262890684,0.2588190451025203,4.0,4.0,1
2026-02-11 19:20:00,46.0,27.7,90.0,0.3714403380936342,-0.9659258262890684,0.2588190451025203,-4.0,0.0,1
2026-02-11 19:30:00,50.0,28.2,90.0,0.38241720180540506,-0.9659258262890684,0.2588190451025203,4.0,4.0,1
2026-02-11 19:50:00,47.0,27.0,90.0,0.3565340175810845,-0.9659258262890684,0.2588190451025203,-3.0,-3.0,1
2026-02-11 20:00:00,47.0,28.8,90.0,0.39596126295507394,-0.8660254037844386,0.5000000000000001,0.0,1.0,1
2026-02-11 20:20:00,47.0,28.8,90.0,0.39596126295507394,-0.8660254037844386,0.5000000000000001,0.0,-3.0,1
2026-02-11 20:30:00,47.0,27.2,90.0,0.36073883025255116,-0.8660254037844386,0.5000000000000001,0.0,0.0,1
2026-02-11 20:50:00,47.0,27.7,91.0,0.3342963042842708,-0.8660254037844386,0.5000000000000001,0.0,0.0,1
2026-02-11 21:10:00,47.0,28.9,89.0,0.4380845882227402,-0.7071067811865477,0.7071067811865474,0.0,0.0,1
2026-02-11 21:20:00,47.0,28.9,88.0,0.4779104598793529,-0.7071067811865477,0.7071067811865474,0.0,0.0,1
2026-02-11 21:40:00,47.0,28.9,88.0,0.4779104598793529,-0.7071067811865477,0.7071067811865474,0.0,0.0,1
2026-02-11 21:50:00,47.0,27.9,88.0,0.45095725330488134,-0.7071067811865477,0.7071067811865474,0.0,0.0,1
2026-02-11 22:10:00,47.0,27.8,89.0,0.4109748434832925,-0.5000000000000004,0.8660254037844384,0.0,0.0,1
2026-02-11 22:20:00,51.0,27.3,90.0,0.36285738459938655,-0.5000000000000004,0.8660254037844384,4.0,4.0,1
2026-02-11 22:40:00,47.0,27.6,88.0,0.44313383523507666,-0.5000000000000004,0.8660254037844384,-4.0,0.0,1
2026-02-11 22:50:00,47.0,27.8,88.0,0.44833619289086446,-0.5000000000000004,0.8660254037844384,0.0,0.0,1
2026-02-11 23:10:00,47.0,27.1,88.0,0.4303572679621266,-0.25881904510252157,0.9659258262890681,0.0,-4.0,1
2026-02-11 23:20:00,51.0,27.2,89.0,0.3968127132778063,-0.25881904510252157,0.9659258262890681,4.0,4.0,1
2026-02-11 23:40:00,51.0,27.6,90.0,0.3692781960292302,-0.25881904510252157,0.9659258262890681,0.0,4.0,1
2026-02-11 23:50:00,47.0,27.8,90.0,0.37361349407572053,-0.25881904510252157,0.9659258262890681,-4.0,0.0,1
2026-02-12 00:10:00,47.0,27.3,90.0,0.36285738459938655,0.0,1.0,0.0,-4.0,1
2026-02-12 00:20:00,48.0,27.7,90.0,0.3714403380936342,0.0,1.0,1.0,-3.0,1
2026-02-12 00:40:00,48.0,27.5,90.0,0.36712702092916993,0.0,1.0,0.0,1.0,1
2026-02-12 00:50:00,51.0,27.1,91.0,0.32276795097159505,0.0,1.0,3.0,4.0,1
2026-02-12 01:10:00,47.0,27.2,91.0,0.324664947227296,0.25881904510252074,0.9659258262890683,-4.0,-1.0,1
2026-02-12 01:20:00,51.0,27.7,91.0,0.3342963042842708,0.25881904510252074,0.9659258262890683,4.0,3.0,1
2026-02-12 01:40:00,48.0,27.1,90.0,0.3586310566351054,0.25881904510252074,0.9659258262890683,-3.0,-3.0,1
2026-02-12 01:50:00,51.0,27.4,91.0,0.32848808939848784,0.25881904510252074,0.9659258262890683,3.0,4.0,1
2026-02-12 02:10:00,52.0,27.0,91.0,0.320880615822976,0.49999999999999994,0.8660254037844387,1.0,1.0,1
2026-02-12 02:20:00,51.0,27.1,91.0,0.32276795097159505,0.49999999999999994,0.8660254037844387,-1.0,3.0,1
2026-02-12 02:40:00,48.0,27.0,90.0,0.3565340175810845,0.49999999999999994,0.8660254037844387,-3.0,-3.0,1
2026-02-12 02:50:00,48.0,26.2,91.0,0.3061247948582615,0.49999999999999994,0.8660254037844387,0.0,-4.0,1
2026-02-12 03:10:00,48.0,26.8,91.0,0.3171347633528936,0.7071067811865476,0.7071067811865476,0.0,-3.0,1
2026-02-12 03:20:00,52.0,26.2,91.0,0.3061247948582615,0.7071067811865476,0.7071067811865476,4.0,4.0,1
2026-02-12 03:40:00,52.0,26.8,91.0,0.3171347633528936,0.7071067811865476,0.7071067811865476,0.0,4.0,1
2026-02-12 03:50:00,48.0,26.2,91.0,0.3061247948582615,0.7071067811865476,0.7071067811865476,-4.0,0.0,1
2026-02-12 04:10:00,49.0,26.5,90.0,0.3462082358797822,0.8660254037844386,0.5000000000000001,1.0,-3.0,1
2026-02-12 04:20:00,49.0,26.0,90.0,0.33614398286025615,0.8660254037844386,0.5000000000000001,0.0,-3.0,1
2026-02-12 04:40:00,51.0,26.5,91.0,0.3115874122918041,0.8660254037844386,0.5000000000000001,2.0,3.0,1
2026-02-12 04:50:00,52.0,26.1,91.0,0.3043225630661488,0.8660254037844386,0.5000000000000001,1.0,3.0,1
2026-02-12 05:10:00,48.0,26.2,90.0,0.3401386609536239,0.9659258262890683,0.25881904510252074,-4.0,-1.0,1
2026-02-12 05:30:00,48.0,26.0,91.0,0.3025295845742306,0.9659258262890683,0.25881904510252074,0.0,-3.0,1
2026-02-12 05:40:00,48.0,26.9,91.0,0.319002900372813,0.9659258262890683,0.25881904510252074,0.0,-4.0,1
2026-02-12 06:00:00,49.0,26.6,90.0,0.3482522891455999,1.0,6.123233995736766e-17,1.0,1.0,1
2026-02-12 06:10:00,48.0,26.6,91.0,0.31342706023104006,1.0,6.123233995736766e-17,-1.0,0.0,1
2026-02-12 06:30:00,49.0,26.1,90.0,0.33813618118461,1.0,6.123233995736766e-17,1.0,1.0,1
2026-02-12 06:40:00,52.0,26.0,91.0,0.3025295845742306,1.0,6.123233995736766e-17,3.0,3.0,1
2026-02-12 07:00:00,51.0,26.9,91.0,0.319002900372813,0.9659258262890683,-0.25881904510252063,-1.0,3.0,1
2026-02-12 07:10:00,52.0,26.7,91.0,0.31527616363509114,0.9659258262890683,-0.25881904510252063,1.0,3.0,1
2026-02-12 07:30:00,48.0,26.9,90.0,0.35444766708090336,0.9659258262890683,-0.25881904510252063,-4.0,-4.0,1
2026-02-12 07:40:00,48.0,27.6,89.0,0.4062060156321534,0.9659258262890683,-0.25881904510252063,0.0,-3.0,1
2026-02-12 08:00:00,48.0,27.0,88.0,0.4278408210973015,0.8660254037844387,-0.4999999999999998,0.0,-4.0,1
2026-02-12 08:10:00,47.0,27.8,86.0,0.5230588917060088,0.8660254037844387,-0.4999999999999998,-1.0,-1.0,1
2026-02-12 08:30:00,47.0,28.7,85.0,0.5905130254424584,0.8660254037844387,-0.4999999999999998,0.0,-1.0,1
2026-02-12 08:40:00,47.0,28.0,84.0,0.604788858239242,0.8660254037844387,-0.4999999999999998,0.0,-1.0,1
2026-02-12 09:00:00,51.0,28.4,83.0,0.6577068318098909,0.7071067811865476,-0.7071067811865475,4.0,4.0,1
2026-02-12 09:10:00,47.0,28.2,83.0,0.6501092430691888,0.7071067811865476,-0.7071067811865475,-4.0,0.0,1
2026-02-12 09:30:00,47.0,28.9,84.0,0.6372139465058044,0.7071067811865476,-0.7071067811865475,0.0,0.0,1
2026-02-12 09:40:00,47.0,29.7,82.0,0.7507074953969286,0.7071067811865476,-0.7071067811865475,0.0,-4.0,1
2026-02-12 10:00:00,47.0,29.5,80.0,0.8245770938762362,0.49999999999999994,-0.8660254037844387,0.0,0.0,1
2026-02-12 10:10:00,50.0,29.0,80.0,0.8011355200171839,0.49999999999999994,-0.8660254037844387,3.0,3.0,1
2026-02-12 10:30:00,46.0,29.4,81.0,0.7788495492868526,0.49999999999999994,-0.8660254037844387,-4.0,-1.0,1
2026-02-12 10:40:00,49.0,30.4,78.0,0.9551059402856938,0.49999999999999994,-0.8660254037844387,3.0,2.0,1
2026-02-12 11:00:00,46.0,30.3,77.0,0.9928238380602403,0.258819045102521,-0.9659258262890682,-3.0,-4.0,1
2026-02-12 11:10:00,46.0,30.9,78.0,0.9827573061391082,0.258819045102521,-0.9659258262890682,0.0,0.0,1
2026-02-12 11:30:00,46.0,30.9,77.0,1.0274280927817951,0.258819045102521,-0.9659258262890682,0.0,-3.0,1
2026-02-12 11:40:00,46.0,30.0,77.0,0.9759049635145729,0.258819045102521,-0.9659258262890682,0.0,0.0,1
2026-02-12 12:00:00,46.0,30.9,76.0,1.0720988794244817,1.2246467991473532e-16,-1.0,0.0,0.0,1
2026-02-12 12:10:00,46.0,30.8,76.0,1.066005863769791,1.2246467991473532e-16,-1.0,0.0,0.0,1
2026-02-12 12:30:00,46.0,30.7,76.0,1.0599429679982864,1.2246467991473532e-16,-1.0,0.0,0.0,1
2026-02-12 12:40:00,46.0,30.6,76.0,1.0539100672120307,1.2246467991473532e-16,-1.0,0.0,0.0,1
2026-02-12 13:00:00,45.0,30.5,75.0,1.0915698301253673,-0.2588190451025208,-0.9659258262890683,-1.0,-1.0,1
2026-02-12 13:10:00,45.0,31.2,75.0,1.1359998966613514,-0.2588190451025208,-0.9659258262890683,0.0,-1.0,1
2026-02-12 13:30:00,45.0,31.2,76.0,1.0905599007948972,-0.2588190451025208,-0.9659258262890683,0.0,-1.0,1
2026-02-12 13:50:00,46.0,31.7,74.0,1.215437646929388,-0.2588190451025208,-0.9659258262890683,1.0,1.0,1
2026-02-12 14:00:00,46.0,31.3,73.0,1.233871484780793,-0.4999999999999997,-0.8660254037844388,0.0,1.0,1
2026-02-12 14:20:00,45.0,31.2,71.0,1.3177598801271677,-0.4999999999999997,-0.8660254037844388,-1.0,0.0,1
2026-02-12 14:30:00,45.0,31.6,73.0,1.255054413492708,-0.4999999999999997,-0.8660254037844388,0.0,-1.0,1
2026-02-12 14:50:00,48.0,31.3,75.0,1.1424735970192526,-0.4999999999999997,-0.8660254037844388,3.0,2.0,1
2026-02-12 15:00:00,45.0,31.3,73.0,1.233871484780793,-0.7071067811865471,-0.7071067811865479,-3.0,0.0,1
2026-02-12 15:20:00,45.0,31.1,72.0,1.2651050673530366,-0.7071067811865471,-0.7071067811865479,0.0,0.0,1
2026-02-12 15:30:00,45.0,31.7,75.0,1.1686900451244115,-0.7071067811865471,-0.7071067811865479,0.0,-3.0,1
2026-02-12 15:50:00,48.0,31.5,74.0,1.2017379147866314,-0.7071067811865471,-0.7071067811865479,3.0,3.0,1
2026-02-12 16:00:00,45.0,31.2,75.0,1.1359998966613514,-0.8660254037844385,-0.5000000000000004,-3.0,0.0,1
2026-02-12 16:20:00,45.0,31.4,72.0,1.2868568486613126,-0.8660254037844385,-0.5000000000000004,0.0,0.0,1
2026-02-12 16:30:00,45.0,31.6,73.0,1.255054413492708,-0.8660254037844385,-0.5000000000000004,0.0,-3.0,1
2026-02-12 16:50:00,45.0,31.3,73.0,1.233871484780793,-0.8660254037844385,-0.5000000000000004,0.0,0.0,1
2026-02-12 17:00:00,48.0,31.4,74.0,1.1949385023283616,-0.9659258262890683,-0.25881904510252063,3.0,3.0,1
2026-02-12 17:20:00,45.0,30.3,79.0,0.9064913304028281,-0.9659258262890683,-0.25881904510252063,-3.0,0.0,1
2026-02-12 17:30:00,46.0,30.4,79.0,0.9116920339090715,-0.9659258262890683,-0.25881904510252063,1.0,1.0,1
2026-02-12 17:50:00,46.0,30.4,78.0,0.9551059402856938,-0.9659258262890683,-0.25881904510252063,0.0,-2.0,1
2026-02-12 18:00:00,45.0,30.1,79.0,0.8961672519535586,-1.0,-1.8369701987210297e-16,-1.0,0.0,1
2026-02-12 18:20:00,46.0,30.5,80.0,0.8732558641002934,-1.0,-1.8369701987210297e-16,1.0,0.0,1
2026-02-12 18:30:00,46.0,30.9,82.0,0.8040741595683616,-1.0,-1.8369701987210297e-16,0.0,0.0,1
2026-02-12 18:50:00,46.0,30.1,86.0,0.5974448346357057,-1.0,-1.8369701987210297e-16,0.0,1.0,1
2026-02-12 19:00:00,47.0,29.3,87.0,0.5298343967489281,-0.9659258262890684,0.2588190451025203,1.0,1.0,1
2026-02-12 19:20:00,46.0,29.3,87.0,0.5298343967489281,-0.9659258262890684,0.2588190451025203,-1.0,0.0,1
2026-02-12 19:30:00,46.0,29.1,88.0,0.48346613079109835,-0.9659258262890684,0.2588190451025203,0.0,0.0,1
2026-02-12 19:50:00,46.0,29.8,87.0,0.5453022394192537,-0.9659258262890684,0.2588190451025203,0.0,-1.0,1
2026-02-12 20:00:00,47.0,29.8,86.0,0.587248565528427,-0.8660254037844386,0.5000000000000001,1.0,1.0,1
2026-02-12 20:20:00,50.0,29.8,86.0,0.587248565528427,-0.8660254037844386,0.5000000000000001,3.0,4.0,1
2026-02-12 20:30:00,47.0,29.6,87.0,0.5390686145156072,-0.8660254037844386,0.5000000000000001,-3.0,1.0,1
2026-02-12 20:50:00,44.0,28.9,88.0,0.4779104598793529,-0.8660254037844386,0.5000000000000001,-3.0,-3.0,1
2026-02-12 21:00:00,42.0,28.6,86.0,0.5479613018151781,-0.7071067811865477,0.7071067811865474,-2.0,-8.0,1
2026-02-12 21:20:00,43.0,29.2,84.0,0.6483533003598483,-0.7071067811865477,0.7071067811865474,1.0,-4.0,1
2026-02-12 21:30:00,43.0,28.7,85.0,0.5905130254424584,-0.7071067811865477,0.7071067811865474,0.0,-1.0,1
2026-02-12 21:50:00,48.0,28.9,85.0,0.5973880748491913,-0.7071067811865477,0.7071067811865474,5.0,6.0,1
2026-02-12 22:10:00,44.0,28.9,83.0,0.6770398181624171,-0.5000000000000004,0.8660254037844384,-4.0,1.0,1
2026-02-12 22:20:00,42.0,28.6,84.0,0.626241487788775,-0.5000000000000004,0.8660254037844384,-2.0,-1.0,1
2026-02-12 22:40:00,46.0,28.1,85.0,0.5702992761633774,-0.5000000000000004,0.8660254037844384,4.0,-2.0,1
2026-02-12 22:50:00,42.0,27.2,86.0,0.5050343623535718,-0.5000000000000004,0.8660254037844384,-4.0,-2.0,1
2026-02-12 23:10:00,42.0,27.4,85.0,0.5474801489974799,-0.25881904510252157,0.9659258262890681,0.0,0.0,1
2026-02-12 23:20:00,42.0,27.7,86.0,0.5200164733310881,-0.25881904510252157,0.9659258262890681,0.0,-4.0,1
2026-02-12 23:40:00,45.0,27.2,87.0,0.46896047932831664,-0.25881904510252157,0.9659258262890681,3.0,3.0,1
2026-02-12 23:50:00,45.0,27.3,87.0,0.4717145999792023,-0.25881904510252157,0.9659258262890681,0.0,3.0,1
2026-02-13 00:10:00,41.0,27.1,86.0,0.5020834792891478,0.0,1.0,-4.0,-1.0,1
2026-02-13 00:20:00,39.0,27.1,88.0,0.4303572679621266,0.0,1.0,-2.0,-6.0,1
2026-02-13 00:40:00,40.0,27.7,89.0,0.40858437190299757,0.0,1.0,1.0,-5.0,1
2026-02-13 00:50:00,44.0,27.7,88.0,0.44572840571236094,0.0,1.0,4.0,3.0,1
2026-02-13 01:10:00,44.0,26.2,89.0,0.3741525270489867,0.25881904510252074,0.9659258262890683,0.0,5.0,1
2026-02-13 01:20:00,40.0,26.9,90.0,0.35444766708090336,0.25881904510252074,0.9659258262890683,-4.0,0.0,1
2026-02-13 01:40:00,41.0,27.3,88.0,0.43542886151926385,0.25881904510252074,0.9659258262890683,1.0,-3.0,1
2026-02-13 01:50:00,41.0,27.4,87.0,0.4744827957978157,0.25881904510252074,0.9659258262890683,0.0,-3.0,1
2026-02-13 02:10:00,41.0,26.0,88.0,0.40337277943230765,0.49999999999999994,0.8660254037844387,0.0,1.0,1
2026-02-13 02:20:00,40.0,26.3,87.0,0.44479690682156825,0.49999999999999994,0.8660254037844387,-1.0,-1.0,1
2026-02-13 02:40:00,41.0,26.7,88.0,0.4203682181801218,0.49999999999999994,0.8660254037844387,1.0,0.0,1
2026-02-13 02:50:00,41.0,26.6,86.0,0.48755320480384023,0.49999999999999994,0.8660254037844387,0.0,0.0,1
2026-02-13 03:10:00,41.0,26.9,88.0,0.4253372004970841,0.7071067811865476,0.7071067811865476,0.0,1.0,1
2026-02-13 03:20:00,42.0,26.8,87.0,0.45808354706529064,0.7071067811865476,0.7071067811865476,1.0,1.0,1
2026-02-13 03:40:00,45.0,26.6,88.0,0.4179027469747201,0.7071067811865476,0.7071067811865476,3.0,4.0,1
2026-02-13 03:50:00,41.0,26.6,90.0,0.3482522891455999,0.7071067811865476,0.7071067811865476,-4.0,0.0,1
2026-02-13 04:10:00,42.0,26.0,89.0,0.3697583811462821,0.8660254037844386,0.5000000000000001,1.0,0.0,1
2026-02-13 04:20:00,44.0,25.6,90.0,0.3282771169776928,0.8660254037844386,0.5000000000000001,2.0,-1.0,1
2026-02-13 04:40:00,42.0,25.0,90.0,0.3167777717506848,0.8660254037844386,0.5000000000000001,-2.0,1.0,1
2026-02-13 04:50:00,41.0,25.3,90.0,0.3224827590711108,0.8660254037844386,0.5000000000000001,-1.0,-1.0,1
2026-02-13 05:10:00,42.0,25.5,90.0,0.32633566193244823,0.9659258262890683,0.25881904510252074,1.0,-2.0,1
2026-02-13 05:20:00,41.0,25.9,90.0,0.3341620215147918,0.9659258262890683,0.25881904510252074,-1.0,-1.0,1
2026-02-13 05:40:00,46.0,25.6,91.0,0.29544940527992347,0.9659258262890683,0.25881904510252074,5.0,5.0,1
2026-02-13 05:50:00,59.0,25.1,91.0,0.2868026185984518,0.9659258262890683,0.25881904510252074,13.0,17.0,1
2026-02-13 06:10:00,57.0,25.7,92.0,0.26418290612722295,1.0,6.123233995736766e-17,-2.0,16.0,1
2026-02-13 06:30:00,62.0,25.0,92.0,0.2534222174005478,1.0,6.123233995736766e-17,5.0,16.0,1
2026-02-13 06:40:00,61.0,25.4,91.0,0.2919638014342807,1.0,6.123233995736766e-17,-1.0,2.0,1
2026-02-13 07:00:00,57.0,25.2,92.0,0.25645697943325496,0.9659258262890683,-0.25881904510252063,-4.0,0.0,1
2026-02-13 07:10:00,57.0,25.1,90.0,0.3186695762205023,0.9659258262890683,-0.25881904510252063,0.0,-5.0,1
2026-02-13 07:30:00,56.0,26.4,89.0,0.37859210779812225,0.9659258262890683,-0.25881904510252063,-1.0,-5.0,1
2026-02-13 07:40:00,56.0,27.9,84.0,0.6012763377398422,0.9659258262890683,-0.25881904510252063,0.0,-1.0,1
2026-02-13 08:00:00,57.0,27.1,83.0,0.6096727962796797,0.8660254037844387,-0.4999999999999998,1.0,0.0,1
2026-02-13 08:10:00,60.0,27.0,82.0,0.6417612316459524,0.8660254037844387,-0.4999999999999998,3.0,4.0,1
2026-02-13 08:30:00,61.0,27.0,81.0,0.6774146334040605,0.8660254037844387,-0.4999999999999998,1.0,5.0,1
2026-02-13 08:40:00,57.0,28.3,81.0,0.7308276607538238,0.8660254037844387,-0.4999999999999998,-4.0,0.0,1
2026-02-13 09:00:00,57.0,28.5,81.0,0.7393621109251907,0.7071067811865476,-0.7071067811865475,0.0,-3.0,1
2026-02-13 09:20:00,57.0,28.5,79.0,0.8171897015488954,0.7071067811865476,-0.7071067811865475,0.0,-4.0,1
2026-02-13 09:30:00,57.0,29.8,79.0,0.8808728482926402,0.7071067811865476,-0.7071067811865475,0.0,0.0,1
2026-02-13 09:50:00,57.0,29.5,78.0,0.9070348032638598,0.7071067811865476,-0.7071067811865475,0.0,0.0,1
2026-02-13 10:00:00,58.0,29.2,78.0,0.8914857879947911,0.49999999999999994,-0.8660254037844387,1.0,1.0,1
2026-02-13 10:20:00,62.0,29.0,78.0,0.8812490720189023,0.49999999999999994,-0.8660254037844387,4.0,5.0,1
2026-02-13 10:40:00,58.0,29.5,78.0,0.9070348032638598,0.49999999999999994,-0.8660254037844387,-4.0,1.0,1
2026-02-13 11:20:00,37.0,30.4,78.0,0.9551059402856938,0.258819045102521,-0.9659258262890682,-21.0,-21.0,1
2026-02-13 11:30:00,27.0,30.6,78.0,0.9660842282776949,0.258819045102521,-0.9659258262890682,-10.0,-35.0,1
2026-02-13 11:50:00,37.0,30.6,75.0,1.0978229866791986,0.258819045102521,-0.9659258262890682,10.0,-21.0,1
2026-02-13 12:00:00,28.0,30.6,76.0,1.0539100672120307,1.2246467991473532e-16,-1.0,-9.0,-9.0,1
2026-02-13 12:20:00,27.0,30.4,77.0,0.9985198466623166,1.2246467991473532e-16,-1.0,-1.0,0.0,1
2026-02-13 12:30:00,27.0,30.1,76.0,1.0241911450897812,1.2246467991473532e-16,-1.0,0.0,-10.0,1
2026-02-13 12:50:00,25.0,30.3,74.0,1.1223225995463588,1.2246467991473532e-16,-1.0,-2.0,-3.0,1
2026-02-13 13:10:00,34.0,30.2,74.0,1.115915591045772,-0.2588190451025208,-0.9659258262890683,9.0,7.0,1
2026-02-13 13:20:00,24.0,30.2,75.0,1.0729957606209348,-0.2588190451025208,-0.9659258262890683,-10.0,-3.0,1
2026-02-13 13:40:00,24.0,30.3,73.0,1.1654888533750651,-0.2588190451025208,-0.9659258262890683,0.0,-1.0,1
2026-02-13 13:50:00,23.0,31.6,73.0,1.255054413492708,-0.2588190451025208,-0.9659258262890683,-1.0,-11.0,1
2026-02-13 14:10:00,22.0,31.6,72.0,1.3015379102887343,-0.4999999999999997,-0.8660254037844388,-1.0,-2.0,1
2026-02-13 14:20:00,22.0,31.5,71.0,1.3403999818773964,-0.4999999999999997,-0.8660254037844388,0.0,-2.0,1
2026-02-13 14:40:00,22.0,30.3,73.0,1.1654888533750651,-0.4999999999999997,-0.8660254037844388,0.0,-1.0,1
2026-02-13 14:50:00,21.0,31.0,70.0,1.3477776753355752,-0.4999999999999997,-0.8660254037844388,-1.0,-1.0,1
2026-02-13 15:10:00,21.0,31.4,70.0,1.3787751949942635,-0.7071067811865471,-0.7071067811865479,0.0,-1.0,1
2026-02-13 15:20:00,32.0,31.2,71.0,1.3177598801271677,-0.7071067811865471,-0.7071067811865479,11.0,10.0,1
2026-02-13 15:40:00,20.0,31.9,72.0,1.3238323001047232,-0.7071067811865471,-0.7071067811865479,-12.0,-1.0,1
2026-02-13 15:50:00,20.0,31.6,70.0,1.3945049038807866,-0.7071067811865471,-0.7071067811865479,0.0,-1.0,1
2026-02-13 16:10:00,20.0,31.7,72.0,1.3089328505393407,-0.8660254037844385,-0.5000000000000004,0.0,-12.0,1
2026-02-13 16:20:00,32.0,31.4,73.0,1.2408976754948369,-0.8660254037844385,-0.5000000000000004,12.0,12.0,1
2026-02-13 16:40:00,31.0,31.6,74.0,1.2085709166966816,-0.8660254037844385,-0.5000000000000004,-1.0,11.0,1
2026-02-13 16:50:00,32.0,31.5,75.0,1.155517225756376,-0.8660254037844385,-0.5000000000000004,1.0,12.0,1
2026-02-13 17:10:00,32.0,30.1,77.0,0.9815165140443738,-0.9659258262890683,-0.25881904510252063,0.0,0.0,1
2026-02-13 17:20:00,21.0,30.4,77.0,0.9985198466623166,-0.9659258262890683,-0.25881904510252063,-11.0,-10.0,1
2026-02-13 17:40:00,75.0,30.4,79.0,0.9116920339090715,-0.9659258262890683,-0.25881904510252063,54.0,43.0,1
2026-02-13 17:50:00,62.0,31.5,78.0,1.016855158665611,-0.9659258262890683,-0.25881904510252063,-13.0,30.0,1
2026-02-13 18:10:00,30.0,30.7,80.0,0.8832858066652385,-1.0,-1.8369701987210297e-16,-32.0,9.0,1
2026-02-13 18:20:00,24.0,30.4,84.0,0.6946225020259593,-1.0,-1.8369701987210297e-16,-6.0,-51.0,1
2026-02-13 18:40:00,24.0,30.0,83.0,0.7213210599890325,-1.0,-1.8369701987210297e-16,0.0,-38.0,1
2026-02-13 18:50:00,26.0,29.1,86.0,0.5640438192562818,-1.0,-1.8369701987210297e-16,2.0,-4.0,1
2026-02-13 19:10:00,26.0,29.6,86.0,0.5805354310168078,-0.9659258262890684,0.2588190451025203,0.0,2.0,1
2026-02-13 19:20:00,26.0,29.9,85.0,0.6328182594795515,-0.9659258262890684,0.2588190451025203,0.0,2.0,1
2026-02-13 19:40:00,37.0,29.2,77.0,0.9320078692672817,-0.9659258262890684,0.2588190451025203,11.0,11.0,1
2026-02-13 19:50:00,25.0,29.4,76.0,0.9838099569939192,-0.9659258262890684,0.2588190451025203,-12.0,-1.0,1
2026-02-13 20:10:00,28.0,29.8,76.0,1.0067118266201605,-0.8660254037844386,0.5000000000000001,3.0,2.0,1
2026-02-13 20:20:00,28.0,28.4,79.0,0.8124613804710412,-0.8660254037844386,0.5000000000000001,0.0,-9.0,1
2026-02-13 20:40:00,38.0,28.6,79.0,0.8219419527227672,-0.8660254037844386,0.5000000000000001,10.0,13.0,1
2026-02-13 20:50:00,38.0,28.5,78.0,0.8561034968607473,-0.8660254037844386,0.5000000000000001,0.0,10.0,1
2026-02-13 21:10:00,28.0,28.6,79.0,0.8219419527227672,-0.7071067811865477,0.7071067811865474,-10.0,0.0,1
2026-02-13 21:30:00,31.0,28.8,81.0,0.7523263996146401,-0.7071067811865477,0.7071067811865474,3.0,-7.0,1
2026-02-13 21:40:00,31.0,28.5,81.0,0.7393621109251907,-0.7071067811865477,0.7071067811865474,0.0,-7.0,1
2026-02-13 22:00:00,31.0,28.2,81.0,0.7265926834302694,-0.5000000000000004,0.8660254037844384,0.0,3.0,1
2026-02-13 22:10:00,41.0,27.2,81.0,0.6854037774798472,-0.5000000000000004,0.8660254037844384,10.0,10.0,1
2026-02-13 22:30:00,41.0,27.5,82.0,0.6608286376725063,-0.5000000000000004,0.8660254037844384,0.0,10.0,1
2026-02-13 22:40:00,50.0,27.6,82.0,0.6647007528526148,-0.5000000000000004,0.8660254037844384,9.0,19.0,1
2026-02-13 23:00:00,50.0,27.2,85.0,0.541108245378827,-0.25881904510252157,0.9659258262890681,0.0,9.0,1
2026-02-13 23:10:00,50.0,27.4,85.0,0.5474801489974799,-0.25881904510252157,0.9659258262890681,0.0,9.0,1
2026-02-13 23:30:00,50.0,27.4,87.0,0.4744827957978157,-0.25881904510252157,0.9659258262890681,0.0,0.0,1
2026-02-13 23:40:00,52.0,27.2,86.0,0.5050343623535718,-0.25881904510252157,0.9659258262890681,2.0,2.0,1
2026-02-14 00:00:00,50.0,27.6,86.0,0.5169894744409227,0.0,1.0,-2.0,0.0,1
2026-02-14 00:10:00,50.0,27.5,86.0,0.5139778293008384,0.0,1.0,0.0,0.0,1
2026-02-14 00:30:00,50.0,26.1,88.0,0.4057634174215319,0.0,1.0,0.0,-2.0,1
2026-02-14 00:40:00,51.0,26.8,87.0,0.45808354706529064,0.0,1.0,1.0,1.0,1
2026-02-14 01:00:00,52.0,26.0,88.0,0.40337277943230765,0.25881904510252074,0.9659258262890683,1.0,2.0,1
2026-02-14 01:10:00,53.0,26.0,87.0,0.4369871777183332,0.25881904510252074,0.9659258262890683,1.0,3.0,1
2026-02-14 01:30:00,50.0,26.4,87.0,0.44742703648868964,0.25881904510252074,0.9659258262890683,-3.0,-1.0,1
2026-02-14 01:40:00,51.0,26.6,87.0,0.45272797588927993,0.25881904510252074,0.9659258262890683,1.0,-1.0,1
2026-02-14 02:00:00,51.0,26.5,87.0,0.45007070664371707,0.49999999999999994,0.8660254037844387,0.0,-2.0,1
2026-02-14 02:10:00,51.0,26.6,87.0,0.45272797588927993,0.49999999999999994,0.8660254037844387,0.0,1.0,1
2026-02-14 02:30:00,51.0,26.8,88.0,0.42284635113719116,0.49999999999999994,0.8660254037844387,0.0,0.0,1
2026-02-14 02:40:00,51.0,26.6,88.0,0.4179027469747201,0.49999999999999994,0.8660254037844387,0.0,0.0,1
2026-02-14 03:00:00,50.0,26.2,89.0,0.3741525270489867,0.7071067811865476,0.7071067811865476,-1.0,-1.0,1
2026-02-14 03:10:00,50.0,26.0,87.0,0.4369871777183332,0.7071067811865476,0.7071067811865476,0.0,-1.0,1
2026-02-14 03:30:00,49.0,26.0,89.0,0.3697583811462821,0.7071067811865476,0.7071067811865476,-1.0,-2.0,1
2026-02-14 03:40:00,48.0,26.4,88.0,0.4130095721434057,0.7071067811865476,0.7071067811865476,-1.0,-2.0,1
2026-02-14 04:00:00,47.0,26.6,89.0,0.38307751806015977,0.8660254037844386,0.5000000000000001,-1.0,-3.0,1
2026-02-14 04:10:00,47.0,26.5,90.0,0.3462082358797822,0.8660254037844386,0.5000000000000001,0.0,-2.0,1
2026-02-14 04:30:00,47.0,26.5,89.0,0.3808290594677608,0.8660254037844386,0.5000000000000001,0.0,-1.0,1
2026-02-14 04:40:00,47.0,26.2,86.0,0.4761941253350739,0.8660254037844386,0.5000000000000001,0.0,0.0,1
2026-02-14 05:00:00,46.0,26.8,89.0,0.3876091552090921,0.9659258262890683,0.25881904510252074,-1.0,-1.0,1
2026-02-14 05:10:00,47.0,26.7,89.0,0.38533753333177856,0.9659258262890683,0.25881904510252074,1.0,0.0,1
2026-02-14 05:30:00,48.0,26.8,87.0,0.45808354706529064,0.9659258262890683,0.25881904510252074,1.0,1.0,1
2026-02-14 05:50:00,45.0,26.4,89.0,0.37859210779812225,0.9659258262890683,0.25881904510252074,-3.0,-1.0,1
2026-02-14 06:00:00,45.0,26.9,89.0,0.38989243378899374,1.0,6.123233995736766e-17,0.0,-2.0,1
2026-02-14 06:20:00,45.0,26.3,89.0,0.37636661346440414,1.0,6.123233995736766e-17,0.0,-3.0,1
2026-02-14 06:30:00,45.0,26.9,89.0,0.38989243378899374,1.0,6.123233995736766e-17,0.0,0.0,1
2026-02-14 06:50:00,48.0,26.1,89.0,0.3719497993030707,1.0,6.123233995736766e-17,3.0,3.0,1
2026-02-14 07:00:00,45.0,26.5,90.0,0.3462082358797822,0.9659258262890683,-0.25881904510252063,-3.0,0.0,1
2026-02-14 07:20:00,44.0,26.8,87.0,0.45808354706529064,0.9659258262890683,-0.25881904510252063,-1.0,-1.0,1
2026-02-14 07:30:00,44.0,27.2,86.0,0.5050343623535718,0.9659258262890683,-0.25881904510252063,0.0,-4.0,1
2026-02-14 07:50:00,43.0,27.5,83.0,0.6241159355795896,0.9659258262890683,-0.25881904510252063,-1.0,-2.0,1
2026-02-14 08:00:00,43.0,27.2,84.0,0.5771821284040821,0.8660254037844387,-0.4999999999999998,0.0,-1.0,1
2026-02-14 08:20:00,43.0,27.2,83.0,0.6132560114293373,0.8660254037844387,-0.4999999999999998,0.0,-1.0,1
2026-02-14 08:30:00,43.0,27.1,84.0,0.5738096906161689,0.8660254037844387,-0.4999999999999998,0.0,0.0,1
2026-02-14 08:50:00,44.0,28.7,80.0,0.7873507005899447,0.8660254037844387,-0.4999999999999998,1.0,1.0,1
2026-02-14 09:00:00,42.0,28.4,79.0,0.8124613804710412,0.7071067811865476,-0.7071067811865475,-2.0,-1.0,1
2026-02-14 09:20:00,44.0,28.8,79.0,0.8315186522056548,0.7071067811865476,-0.7071067811865475,2.0,1.0,1
2026-02-14 09:30:00,42.0,28.5,78.0,0.8561034968607473,0.7071067811865476,-0.7071067811865475,-2.0,-2.0,1
2026-02-14 09:50:00,44.0,29.5,77.0,0.9482636579576718,0.7071067811865476,-0.7071067811865475,2.0,2.0,1
2026-02-14 10:00:00,41.0,29.7,75.0,1.0426492991624006,0.49999999999999994,-0.8660254037844387,-3.0,-3.0,1
2026-02-14 10:20:00,44.0,29.6,76.0,0.995203596028813,0.49999999999999994,-0.8660254037844387,3.0,2.0,1
2026-02-14 10:30:00,40.0,29.1,75.0,1.0072211058147884,0.49999999999999994,-0.8660254037844387,-4.0,-4.0,1
2026-02-14 10:50:00,42.0,30.3,74.0,1.1223225995463588,0.49999999999999994,-0.8660254037844387,2.0,1.0,1
2026-02-14 11:00:00,43.0,30.6,74.0,1.141735906146367,0.258819045102521,-0.9659258262890682,1.0,-1.0,1
2026-02-14 11:20:00,40.0,30.7,73.0,1.192435838998072,0.258819045102521,-0.9659258262890682,-3.0,0.0,1
2026-02-14 11:30:00,39.0,30.7,74.0,1.1482715486648098,0.258819045102521,-0.9659258262890682,-1.0,-3.0,1
2026-02-14 11:50:00,39.0,30.6,73.0,1.185648825613535,0.258819045102521,-0.9659258262890682,0.0,-4.0,1
2026-02-14 12:00:00,39.0,31.8,70.0,1.4103902824680254,1.2246467991473532e-16,-1.0,0.0,-1.0,1
2026-02-14 12:20:00,39.0,30.9,72.0,1.2507820259952291,1.2246467991473532e-16,-1.0,0.0,0.0,1
2026-02-14 12:30:00,42.0,30.1,71.0,1.2375643003168193,1.2246467991473532e-16,-1.0,3.0,3.0,1
2026-02-14 12:50:00,41.0,30.3,73.0,1.1654888533750651,1.2246467991473532e-16,-1.0,-1.0,2.0,1
2026-02-14 13:00:00,38.0,31.4,69.0,1.4247343681607387,-0.2588190451025208,-0.9659258262890683,-3.0,-1.0,1
2026-02-14 13:20:00,39.0,31.7,72.0,1.3089328505393407,-0.2588190451025208,-0.9659258262890683,1.0,-3.0,1
2026-02-14 13:30:00,35.0,31.2,70.0,1.363199875993622,-0.2588190451025208,-0.9659258262890683,-4.0,-6.0,1
2026-02-14 13:50:00,40.0,31.2,68.0,1.4540798677265294,-0.2588190451025208,-0.9659258262890683,5.0,2.0,1
2026-02-14 14:00:00,36.0,31.5,70.0,1.3866206709076514,-0.4999999999999997,-0.8660254037844388,-4.0,-3.0,1
2026-02-14 14:20:00,35.0,31.1,70.0,1.3554697150211106,-0.4999999999999997,-0.8660254037844388,-1.0,0.0,1
2026-02-14 14:40:00,35.0,31.1,69.0,1.400652038855148,-0.4999999999999997,-0.8660254037844388,0.0,-5.0,1
2026-02-14 14:50:00,36.0,31.8,70.0,1.4103902824680254,-0.4999999999999997,-0.8660254037844388,1.0,0.0,1
2026-02-14 15:10:00,36.0,31.0,70.0,1.3477776753355752,-0.7071067811865471,-0.7071067811865479,0.0,1.0,1
2026-02-14 15:20:00,36.0,31.0,72.0,1.2579258303132033,-0.7071067811865471,-0.7071067811865479,0.0,1.0,1
2026-02-14 15:40:00,36.0,31.5,70.0,1.3866206709076514,-0.7071067811865471,-0.7071067811865479,0.0,0.0,1
2026-02-14 15:50:00,37.0,30.7,72.0,1.2366001293313338,-0.7071067811865471,-0.7071067811865479,1.0,1.0,1
2026-02-14 16:10:00,36.0,30.0,74.0,1.1031969152773433,-0.8660254037844385,-0.5000000000000004,-1.0,0.0,1
2026-02-14 16:20:00,36.0,30.6,73.0,1.185648825613535,-0.8660254037844385,-0.5000000000000004,0.0,0.0,1
2026-02-14 16:40:00,40.0,30.5,72.0,1.2225582097404115,-0.8660254037844385,-0.5000000000000004,4.0,3.0,1
2026-02-14 16:50:00,36.0,30.1,73.0,1.1522150382260041,-0.8660254037844385,-0.5000000000000004,-4.0,0.0,1
2026-02-14 17:10:00,36.0,30.7,74.0,1.1482715486648098,-0.9659258262890683,-0.25881904510252063,0.0,0.0,1
2026-02-14 17:20:00,40.0,30.9,73.0,1.2061112393525422,-0.9659258262890683,-0.25881904510252063,4.0,0.0,1
2026-02-14 17:40:00,38.0,30.9,73.0,1.2061112393525422,-0.9659258262890683,-0.25881904510252063,-2.0,2.0,1
2026-02-14 17:50:00,38.0,30.9,77.0,1.0274280927817951,-0.9659258262890683,-0.25881904510252063,0.0,2.0,1
2026-02-14 18:10:00,38.0,30.1,78.0,0.938841882998966,-1.0,-1.8369701987210297e-16,0.0,-2.0,1
2026-02-14 18:20:00,38.0,29.9,78.0,0.9281334472366756,-1.0,-1.8369701987210297e-16,0.0,0.0,1
2026-02-14 18:40:00,39.0,29.7,80.0,0.8341194393299203,-1.0,-1.8369701987210297e-16,1.0,1.0,1
2026-02-14 18:50:00,39.0,29.1,84.0,0.6446215077214648,-1.0,-1.8369701987210297e-16,0.0,1.0,1
2026-02-14 19:10:00,42.0,29.4,84.0,0.6558733046626131,-0.9659258262890684,0.2588190451025203,3.0,4.0,1
2026-02-14 19:20:00,43.0,29.7,84.0,0.6672955514639365,-0.9659258262890684,0.2588190451025203,1.0,4.0,1
2026-02-14 19:40:00,39.0,29.3,86.0,0.5705908888065379,-0.9659258262890684,0.2588190451025203,-4.0,0.0,1
2026-02-14 19:50:00,39.0,28.5,88.0,0.466965543742226,-0.9659258262890684,0.2588190451025203,0.0,-3.0,1
2026-02-14 20:10:00,39.0,28.2,88.0,0.4589006421664861,-0.8660254037844386,0.5000000000000001,0.0,-4.0,1
2026-02-14 20:20:00,43.0,28.5,88.0,0.466965543742226,-0.8660254037844386,0.5000000000000001,4.0,4.0,1
2026-02-14 20:40:00,39.0,28.5,89.0,0.42805174843037364,-0.8660254037844386,0.5000000000000001,-4.0,0.0,1
2026-02-14 20:50:00,39.0,28.5,89.0,0.42805174843037364,-0.8660254037844386,0.5000000000000001,0.0,0.0,1
2026-02-14 21:10:00,38.0,28.6,89.0,0.4305410228547828,-0.7071067811865477,0.7071067811865474,-1.0,-5.0,1
2026-02-14 21:20:00,39.0,28.0,89.0,0.41579234003947896,-0.7071067811865477,0.7071067811865474,1.0,0.0,1
2026-02-14 21:40:00,39.0,28.4,90.0,0.38688637165287654,-0.7071067811865477,0.7071067811865474,0.0,0.0,1
2026-02-14 21:50:00,43.0,28.1,90.0,0.38019951744225144,-0.7071067811865477,0.7071067811865474,4.0,5.0,1
2026-02-14 22:10:00,42.0,27.6,90.0,0.3692781960292302,-0.5000000000000004,0.8660254037844384,-1.0,3.0,1
2026-02-14 22:20:00,39.0,28.1,90.0,0.38019951744225144,-0.5000000000000004,0.8660254037844384,-3.0,0.0,1
2026-02-14 22:40:00,43.0,27.5,91.0,0.33041431883625316,-0.5000000000000004,0.8660254037844384,4.0,0.0,1
2026-02-14 23:00:00,42.0,27.0,91.0,0.320880615822976,-0.25881904510252157,0.9659258262890681,-1.0,0.0,1
2026-02-14 23:10:00,37.0,27.2,91.0,0.324664947227296,-0.25881904510252157,0.9659258262890681,-5.0,-2.0,1
2026-02-14 23:30:00,38.0,27.4,90.0,0.3649867659983199,-0.25881904510252157,0.9659258262890681,1.0,-5.0,1
2026-02-14 23:40:00,38.0,27.9,90.0,0.37579771108740134,-0.25881904510252157,0.9659258262890681,0.0,-4.0,1
2026-02-15 00:00:00,38.0,27.6,90.0,0.3692781960292302,0.0,1.0,0.0,1.0,1
2026-02-15 00:10:00,43.0,27.8,89.0,0.4109748434832925,0.0,1.0,5.0,5.0,1
2026-02-15 00:30:00,38.0,27.4,90.0,0.3649867659983199,0.0,1.0,-5.0,0.0,1
2026-02-15 00:40:00,38.0,27.7,90.0,0.3714403380936342,0.0,1.0,0.0,0.0,1
2026-02-15 01:00:00,38.0,27.6,90.0,0.3692781960292302,0.25881904510252074,0.9659258262890683,0.0,-5.0,1
2026-02-15 01:10:00,38.0,27.2,90.0,0.36073883025255116,0.25881904510252074,0.9659258262890683,0.0,0.0,1
2026-02-15 01:30:00,38.0,27.1,90.0,0.3586310566351054,0.25881904510252074,0.9659258262890683,0.0,0.0,1
2026-02-15 01:40:00,42.0,26.4,90.0,0.3441746434528383,0.25881904510252074,0.9659258262890683,4.0,4.0,1
2026-02-15 02:00:00,38.0,26.1,90.0,0.33813618118461,0.49999999999999994,0.8660254037844387,-4.0,0.0,1
2026-02-15 02:10:00,38.0,26.4,90.0,0.3441746434528383,0.49999999999999994,0.8660254037844387,0.0,0.0,1
2026-02-15 02:30:00,38.0,26.0,90.0,0.33614398286025615,0.49999999999999994,0.8660254037844387,0.0,-4.0,1
2026-02-15 02:40:00,42.0,26.7,90.0,0.35030684848343485,0.49999999999999994,0.8660254037844387,4.0,4.0,1
2026-02-15 03:00:00,41.0,26.4,90.0,0.3441746434528383,0.7071067811865476,0.7071067811865476,-1.0,3.0,1
2026-02-15 03:10:00,38.0,26.2,89.0,0.3741525270489867,0.7071067811865476,0.7071067811865476,-3.0,0.0,1
2026-02-15 03:30:00,38.0,26.8,89.0,0.3876091552090921,0.7071067811865476,0.7071067811865476,0.0,-4.0,1
2026-02-15 03:40:00,38.0,26.5,88.0,0.41544988305573893,0.7071067811865476,0.7071067811865476,0.0,-3.0,1
2026-02-15 04:00:00,38.0,26.4,88.0,0.4130095721434057,0.8660254037844386,0.5000000000000001,0.0,0.0,1
2026-02-15 04:10:00,42.0,26.3,88.0,0.4105817601429864,0.8660254037844386,0.5000000000000001,4.0,4.0,1
2026-02-15 04:30:00,38.0,26.7,88.0,0.4203682181801218,0.8660254037844386,0.5000000000000001,-4.0,0.0,1
2026-02-15 04:40:00,38.0,26.6,88.0,0.4179027469747201,0.8660254037844386,0.5000000000000001,0.0,0.0,1
2026-02-15 05:00:00,42.0,26.5,88.0,0.41544988305573893,0.9659258262890683,0.25881904510252074,4.0,0.0,1
2026-02-15 05:10:00,38.0,26.9,89.0,0.38989243378899374,0.9659258262890683,0.25881904510252074,-4.0,0.0,1
2026-02-15 05:30:00,38.0,26.3,89.0,0.37636661346440414,0.9659258262890683,0.25881904510252074,0.0,0.0,1
2026-02-15 05:40:00,42.0,26.5,89.0,0.3808290594677608,0.9659258262890683,0.25881904510252074,4.0,0.0,1
2026-02-15 06:00:00,38.0,25.9,89.0,0.3675782236662708,1.0,6.123233995736766e-17,-4.0,0.0,1
2026-02-15 06:10:00,41.0,25.7,89.0,0.3632514959249318,1.0,6.123233995736766e-17,3.0,3.0,1
2026-02-15 06:30:00,38.0,26.5,89.0,0.3808290594677608,1.0,6.123233995736766e-17,-3.0,-4.0,1
2026-02-15 06:40:00,37.0,26.8,89.0,0.3876091552090921,1.0,6.123233995736766e-17,-1.0,-1.0,1
2026-02-15 07:00:00,37.0,26.2,89.0,0.3741525270489867,0.9659258262890683,-0.25881904510252063,0.0,-4.0,1
2026-02-15 07:20:00,39.0,26.9,89.0,0.38989243378899374,0.9659258262890683,-0.25881904510252063,2.0,1.0,1
2026-02-15 07:30:00,35.0,26.7,88.0,0.4203682181801218,0.9659258262890683,-0.25881904510252063,-4.0,-2.0,1
2026-02-15 07:50:00,39.0,27.1,86.0,0.5020834792891478,0.9659258262890683,-0.25881904510252063,4.0,2.0,1
2026-02-15 08:00:00,33.0,27.0,85.0,0.534801026371627,0.8660254037844387,-0.4999999999999998,-6.0,-6.0,1
2026-02-15 08:20:00,33.0,28.5,81.0,0.7393621109251907,0.8660254037844387,-0.4999999999999998,0.0,-2.0,1
2026-02-15 08:30:00,32.0,28.8,78.0,0.8711147785011621,0.8660254037844387,-0.4999999999999998,-1.0,-7.0,1
2026-02-15 08:50:00,36.0,28.7,80.0,0.7873507005899447,0.8660254037844387,-0.4999999999999998,4.0,3.0,1
2026-02-15 09:00:00,37.0,28.0,79.0,0.793785376439005,0.7071067811865476,-0.7071067811865475,1.0,4.0,1
2026-02-15 09:20:00,32.0,29.3,78.0,0.8966428252674161,0.7071067811865476,-0.7071067811865475,-5.0,0.0,1
2026-02-15 09:30:00,31.0,29.2,76.0,0.9725299505397724,0.7071067811865476,-0.7071067811865475,-1.0,-5.0,1
2026-03-02 16:00:00,100.0,33.8,67.0,1.7359027926875652,-0.8660254037844385,-0.5000000000000004,69.0,63.0,1
2026-03-02 16:20:00,100.0,33.6,69.0,1.6125984413689594,-0.8660254037844385,-0.5000000000000004,0.0,68.0,1
2026-03-02 16:30:00,100.0,33.4,67.0,1.6975571321385359,-0.8660254037844385,-0.5000000000000004,0.0,69.0,1
2026-03-02 16:50:00,100.0,33.9,68.0,1.6927086733511088,-0.8660254037844385,-0.5000000000000004,0.0,0.0,1
2026-03-02 17:00:00,100.0,34.3,68.0,1.7308024862000262,-0.9659258262890683,-0.25881904510252063,0.0,0.0,1
2026-03-02 17:20:00,100.0,34.9,65.0,1.9570875338556384,-0.9659258262890683,-0.25881904510252063,0.0,0.0,1
2026-03-02 17:30:00,100.0,33.0,69.0,1.5593458166381242,-0.9659258262890683,-0.25881904510252063,0.0,0.0,1
2026-03-02 17:50:00,100.0,32.7,77.0,1.1376073183470496,-0.9659258262890683,-0.25881904510252063,0.0,0.0,1
2026-03-02 18:00:00,100.0,32.9,77.0,1.1504603406556333,-1.0,-1.8369701987210297e-16,0.0,0.0,1
2026-03-02 18:20:00,100.0,31.6,77.0,1.069120426308603,-1.0,-1.8369701987210297e-16,0.0,0.0,1
2026-03-02 18:40:00,46.0,31.5,82.0,0.8319724025445909,-1.0,-1.8369701987210297e-16,-54.0,-54.0,1
2026-03-02 18:50:00,48.0,31.4,83.0,0.7813059438300827,-1.0,-1.8369701987210297e-16,2.0,-52.0,1
2026-03-02 19:10:00,68.0,30.2,90.0,0.4291983042483736,-0.9659258262890684,0.2588190451025203,20.0,-32.0,1
2026-03-02 19:30:00,44.0,30.0,87.0,0.5515984576386717,-0.9659258262890684,0.2588190451025203,-24.0,-2.0,1
2026-03-02 19:40:00,48.0,30.8,87.0,0.5774198428753032,-0.9659258262890684,0.2588190451025203,4.0,0.0,1
2026-03-02 20:00:00,49.0,30.7,84.0,0.706628645332191,-0.8660254037844386,0.5000000000000001,1.0,-19.0,1
2026-03-02 20:10:00,64.0,29.6,88.0,0.4976017980144065,-0.8660254037844386,0.5000000000000001,15.0,20.0,1
2026-03-02 20:30:00,47.0,29.7,89.0,0.4587656916314562,-0.8660254037844386,0.5000000000000001,-17.0,-1.0,1
2026-03-02 20:40:00,48.0,29.7,90.0,0.41705971966496014,-0.8660254037844386,0.5000000000000001,1.0,-1.0,1
2026-03-02 21:00:00,49.0,29.7,90.0,0.41705971966496014,-0.7071067811865477,0.7071067811865474,1.0,-15.0,1
2026-03-02 21:10:00,50.0,29.7,91.0,0.3753537476984641,-0.7071067811865477,0.7071067811865474,1.0,3.0,1
2026-03-02 21:30:00,49.0,29.8,91.0,0.3775169349825602,-0.7071067811865477,0.7071067811865474,-1.0,1.0,1
2026-03-02 21:40:00,49.0,29.6,91.0,0.373201348510805,-0.7071067811865477,0.7071067811865474,0.0,0.0,1
2026-03-02 22:00:00,51.0,29.6,91.0,0.373201348510805,-0.5000000000000004,0.8660254037844384,2.0,1.0,1
2026-03-02 22:10:00,68.0,29.4,91.0,0.3689287338727194,-0.5000000000000004,0.8660254037844384,17.0,19.0,1
2026-03-02 22:30:00,49.0,29.3,90.0,0.4075649205760983,-0.5000000000000004,0.8660254037844384,-19.0,0.0,1
2026-03-02 22:40:00,46.0,29.2,90.0,0.40522081272490507,-0.5000000000000004,0.8660254037844384,-3.0,-5.0,1
2026-03-02 23:00:00,48.0,29.7,90.0,0.41705971966496014,-0.25881904510252157,0.9659258262890681,2.0,-20.0,1
2026-03-02 23:10:00,48.0,29.0,89.0,0.4406245360094512,-0.25881904510252157,0.9659258262890681,0.0,-1.0,1
2026-03-02 23:30:00,47.0,29.5,89.0,0.45351740163192966,-0.25881904510252157,0.9659258262890681,-1.0,1.0,1
2026-03-02 23:40:00,50.0,29.8,89.0,0.46140958720090675,-0.25881904510252157,0.9659258262890681,3.0,2.0,1
2026-03-03 00:00:00,67.0,29.7,87.0,0.5421776355644483,0.0,1.0,17.0,19.0,2
2026-03-03 00:10:00,66.0,28.5,87.0,0.5058793390540779,0.0,1.0,-1.0,19.0,2
2026-03-03 00:30:00,50.0,28.4,87.0,0.5029522831487401,0.0,1.0,-16.0,0.0,2
2026-03-03 00:40:00,48.0,28.5,88.0,0.466965543742226,0.0,1.0,-2.0,-19.0,2
2026-03-03 01:00:00,49.0,28.1,88.0,0.4562394209307019,0.25881904510252074,0.9659258262890683,1.0,-17.0,2
2026-03-03 01:10:00,68.0,29.0,86.0,0.560794864012029,0.25881904510252074,0.9659258262890683,19.0,18.0,2
2026-03-03 01:30:00,49.0,28.6,86.0,0.5479613018151781,0.25881904510252074,0.9659258262890683,-19.0,1.0,2
2026-03-03 01:40:00,50.0,29.9,86.0,0.5906303755142481,0.25881904510252074,0.9659258262890683,1.0,1.0,2
2026-03-03 02:00:00,66.0,28.2,87.0,0.4971423623470268,0.49999999999999994,0.8660254037844387,16.0,-2.0,2
2026-03-03 02:10:00,45.0,28.9,85.0,0.5973880748491913,0.49999999999999994,0.8660254037844387,-21.0,-4.0,2
2026-03-03 02:30:00,50.0,28.0,86.0,0.5291902509593367,0.49999999999999994,0.8660254037844387,5.0,0.0,2
2026-03-03 02:40:00,50.0,28.8,87.0,0.514749641841596,0.49999999999999994,0.8660254037844387,0.0,-16.0,2
2026-03-03 03:00:00,50.0,28.1,87.0,0.4942593726749269,0.7071067811865476,0.7071067811865476,0.0,5.0,2
2026-03-03 03:10:00,66.0,28.0,89.0,0.41579234003947896,0.7071067811865476,0.7071067811865476,16.0,16.0,2
2026-03-03 03:30:00,50.0,28.3,87.0,0.5000399784105114,0.7071067811865476,0.7071067811865476,-16.0,0.0,2
2026-03-03 03:40:00,67.0,28.4,88.0,0.46426364598345193,0.7071067811865476,0.7071067811865476,17.0,17.0,2
2026-03-03 04:00:00,50.0,28.4,88.0,0.46426364598345193,0.8660254037844386,0.5000000000000001,-17.0,-16.0,2
2026-03-03 04:20:00,49.0,28.3,87.0,0.5000399784105114,0.8660254037844386,0.5000000000000001,-1.0,-1.0,2
2026-03-03 04:30:00,67.0,28.4,88.0,0.46426364598345193,0.8660254037844386,0.5000000000000001,18.0,0.0,2
2026-03-03 04:50:00,49.0,28.6,88.0,0.46968111584158123,0.8660254037844386,0.5000000000000001,-18.0,-1.0,2
2026-03-03 05:00:00,50.0,28.9,87.0,0.517736331535966,0.9659258262890683,0.25881904510252074,1.0,1.0,2
2026-03-03 05:20:00,51.0,28.9,88.0,0.4779104598793529,0.9659258262890683,0.25881904510252074,1.0,-16.0,2
2026-03-03 05:30:00,51.0,28.8,89.0,0.4355573892505813,0.9659258262890683,0.25881904510252074,0.0,2.0,2
2026-03-03 05:50:00,70.0,27.3,90.0,0.36285738459938655,0.9659258262890683,0.25881904510252074,19.0,20.0,2
2026-03-03 06:00:00,52.0,28.4,89.0,0.42557500881816424,1.0,6.123233995736766e-17,-18.0,1.0,2
2026-03-03 06:20:00,69.0,28.4,88.0,0.46426364598345193,1.0,6.123233995736766e-17,17.0,18.0,2
2026-03-03 06:30:00,52.0,28.4,88.0,0.46426364598345193,1.0,6.123233995736766e-17,-17.0,-18.0,2
2026-03-03 06:50:00,52.0,28.3,89.0,0.4231107509627403,1.0,6.123233995736766e-17,0.0,0.0,2
2026-03-03 07:00:00,67.0,28.2,90.0,0.38241720180540506,0.9659258262890683,-0.25881904510252063,15.0,-2.0,2
2026-03-03 07:20:00,50.0,28.7,89.0,0.43304288532446966,0.9659258262890683,-0.25881904510252063,-17.0,-2.0,2
2026-03-03 07:30:00,51.0,28.4,88.0,0.46426364598345193,0.9659258262890683,-0.25881904510252063,1.0,-1.0,2
2026-03-03 07:50:00,50.0,29.0,87.0,0.5207380880111696,0.9659258262890683,-0.25881904510252063,-1.0,-17.0,2
2026-03-03 08:00:00,51.0,29.4,87.0,0.5328970600383731,0.8660254037844387,-0.4999999999999998,1.0,1.0,2
2026-03-03 08:20:00,51.0,29.0,86.0,0.560794864012029,0.8660254037844387,-0.4999999999999998,0.0,0.0,2
2026-03-03 08:30:00,48.0,29.8,83.0,0.7130875438559472,0.8660254037844387,-0.4999999999999998,-3.0,-2.0,2
2026-03-03 08:50:00,50.0,30.4,82.0,0.7814503147792045,0.8660254037844387,-0.4999999999999998,2.0,-1.0,2
2026-03-03 09:00:00,49.0,30.6,82.0,0.7904325504090233,0.7071067811865476,-0.7071067811865475,-1.0,-2.0,2
2026-03-03 09:20:00,48.0,31.6,79.0,0.9761534327165502,0.7071067811865476,-0.7071067811865475,-1.0,0.0,2
2026-03-03 09:30:00,49.0,30.6,80.0,0.8782583893433591,0.7071067811865476,-0.7071067811865475,1.0,-1.0,2
2026-03-03 09:50:00,49.0,31.2,77.0,1.045119904928443,0.7071067811865476,-0.7071067811865475,0.0,0.0,2
2026-03-03 10:00:00,47.0,31.1,77.0,1.0391934481828513,0.49999999999999994,-0.8660254037844387,-2.0,-1.0,2
2026-03-03 10:20:00,65.0,32.2,74.0,1.250282114968369,0.49999999999999994,-0.8660254037844387,18.0,16.0,2
2026-03-03 10:30:00,63.0,32.1,76.0,1.1476104408691201,0.49999999999999994,-0.8660254037844387,-2.0,14.0,2
2026-03-03 10:50:00,48.0,31.4,77.0,1.057060982828935,0.49999999999999994,-0.8660254037844387,-15.0,1.0,2
2026-03-03 11:00:00,49.0,32.2,74.0,1.250282114968369,0.258819045102521,-0.9659258262890682,1.0,-16.0,2
2026-03-03 11:20:00,65.0,32.7,77.0,1.1376073183470496,0.258819045102521,-0.9659258262890682,16.0,2.0,2
2026-03-03 11:30:00,68.0,32.8,75.0,1.2434979983386132,0.258819045102521,-0.9659258262890682,3.0,20.0,2
2026-03-03 11:50:00,67.0,33.5,74.0,1.3449673603502452,0.258819045102521,-0.9659258262890682,-1.0,18.0,2
2026-03-03 12:00:00,68.0,32.6,73.0,1.3279629434875906,1.2246467991473532e-16,-1.0,1.0,3.0,2
2026-03-03 12:20:00,48.0,33.3,72.0,1.432315722708076,1.2246467991473532e-16,-1.0,-20.0,-20.0,2
2026-03-03 12:40:00,50.0,33.0,73.0,1.35813990481385,1.2246467991473532e-16,-1.0,2.0,-17.0,2
2026-03-03 12:50:00,49.0,33.6,71.0,1.5085598322483813,1.2246467991473532e-16,-1.0,-1.0,-19.0,2
2026-03-03 13:10:00,45.0,33.6,70.0,1.5605791368086703,-0.2588190451025208,-0.9659258262890683,-4.0,-3.0,2
2026-03-03 13:20:00,50.0,33.5,70.0,1.5518854157887447,-0.2588190451025208,-0.9659258262890683,5.0,0.0,2
2026-03-03 13:40:00,46.0,33.5,68.0,1.6553444435079938,-0.2588190451025208,-0.9659258262890683,-4.0,-3.0,2
2026-03-03 13:50:00,45.0,33.3,69.0,1.585778121569656,-0.2588190451025208,-0.9659258262890683,-1.0,0.0,2
2026-03-03 14:10:00,45.0,33.6,70.0,1.5605791368086703,-0.4999999999999997,-0.8660254037844388,0.0,-5.0,2
2026-03-03 14:20:00,46.0,33.9,70.0,1.586914381266665,-0.4999999999999997,-0.8660254037844388,1.0,0.0,2
2026-03-03 14:40:00,42.0,33.0,71.0,1.458742860725987,-0.4999999999999997,-0.8660254037844388,-4.0,-3.0,2
2026-03-03 14:50:00,45.0,33.0,71.0,1.458742860725987,-0.4999999999999997,-0.8660254037844388,3.0,0.0,2
2026-03-03 15:10:00,46.0,33.5,68.0,1.6553444435079938,-0.7071067811865471,-0.7071067811865479,1.0,0.0,2
2026-03-03 15:20:00,65.0,33.2,67.0,1.6786615366529296,-0.7071067811865471,-0.7071067811865479,19.0,23.0,2
2026-03-03 15:40:00,46.0,33.1,73.0,1.3657765037943452,-0.7071067811865471,-0.7071067811865479,-19.0,1.0,2
2026-03-03 15:50:00,46.0,33.9,72.0,1.4811200891822205,-0.7071067811865471,-0.7071067811865479,0.0,0.0,2
2026-03-03 16:10:00,48.0,33.9,71.0,1.5340172352244426,-0.8660254037844385,-0.5000000000000004,2.0,-17.0,2
2026-03-03 16:20:00,47.0,33.4,74.0,1.3374692556243013,-0.8660254037844385,-0.5000000000000004,-1.0,1.0,2
2026-03-03 16:40:00,47.0,33.9,73.0,1.4282229431399984,-0.8660254037844385,-0.5000000000000004,0.0,1.0,2
2026-03-03 16:50:00,61.0,33.4,73.0,1.3889103808406205,-0.8660254037844385,-0.5000000000000004,14.0,13.0,2
2026-03-03 17:10:00,63.0,33.1,74.0,1.3151921888389988,-0.9659258262890683,-0.25881904510252063,2.0,16.0,2
2026-03-03 17:20:00,62.0,33.2,75.0,1.2717132853431288,-0.9659258262890683,-0.25881904510252063,-1.0,15.0,2
2026-03-03 17:40:00,44.0,32.0,75.0,1.1886938490654533,-0.9659258262890683,-0.25881904510252063,-18.0,-17.0,2
2026-03-03 17:50:00,46.0,32.0,76.0,1.141146095102835,-0.9659258262890683,-0.25881904510252063,2.0,-17.0,2
2026-03-03 18:10:00,52.0,32.3,76.0,1.1606346061792174,-1.0,-1.8369701987210297e-16,6.0,-10.0,2
2026-03-03 18:20:00,52.0,32.7,77.0,1.1376073183470496,-1.0,-1.8369701987210297e-16,0.0,8.0,2
2026-03-03 18:40:00,53.0,31.1,78.0,0.9940111243488143,-1.0,-1.8369701987210297e-16,1.0,7.0,2
2026-03-03 18:50:00,51.0,31.9,80.0,0.9455945000748018,-1.0,-1.8369701987210297e-16,-2.0,-1.0,2
2026-03-03 19:10:00,52.0,31.0,80.0,0.8985184502237162,-0.9659258262890684,0.2588190451025203,1.0,0.0,2
2026-03-03 19:20:00,52.0,31.3,79.0,0.9596778214961721,-0.9659258262890684,0.2588190451025203,0.0,-1.0,2
2026-03-03 19:40:00,52.0,31.4,79.0,0.9651426364959841,-0.9659258262890684,0.2588190451025203,0.0,1.0,2
2026-03-03 19:50:00,51.0,31.7,79.0,0.9816996379045055,-0.9659258262890684,0.2588190451025203,-1.0,-1.0,2
2026-03-03 20:10:00,49.0,31.2,79.0,0.954239913195535,-0.8660254037844386,0.5000000000000001,-2.0,-3.0,2
2026-03-03 20:20:00,64.0,31.8,79.0,0.9872731977276175,-0.8660254037844386,0.5000000000000001,15.0,12.0,2
2026-03-03 20:40:00,48.0,30.6,81.0,0.8343454698761907,-0.8660254037844386,0.5000000000000001,-16.0,-3.0,2
2026-03-03 20:50:00,46.0,30.2,81.0,0.8154767780719099,-0.8660254037844386,0.5000000000000001,-2.0,-3.0,2
2026-03-03 21:10:00,66.0,30.9,80.0,0.8934157328537347,-0.7071067811865477,0.7071067811865474,20.0,2.0,2
2026-03-03 21:30:00,49.0,30.6,81.0,0.8343454698761907,-0.7071067811865477,0.7071067811865474,-17.0,1.0,2
2026-03-03 21:40:00,50.0,30.3,81.0,0.820158822745416,-0.7071067811865477,0.7071067811865474,1.0,4.0,2
2026-03-03 22:00:00,49.0,30.9,81.0,0.8487449462110481,-0.5000000000000004,0.8660254037844384,-1.0,-17.0,2
2026-03-03 22:10:00,53.0,30.3,81.0,0.820158822745416,-0.5000000000000004,0.8660254037844384,4.0,4.0,2
2026-03-03 22:30:00,71.0,30.0,81.0,0.8061823611642125,-0.5000000000000004,0.8660254037844384,18.0,21.0,2
2026-03-03 22:40:00,54.0,30.9,80.0,0.8934157328537347,-0.5000000000000004,0.8660254037844384,-17.0,5.0,2
2026-03-03 23:00:00,54.0,30.5,80.0,0.8732558641002934,-0.25881904510252157,0.9659258262890681,0.0,1.0,2
2026-03-03 23:10:00,54.0,30.7,79.0,0.9274500969985002,-0.25881904510252157,0.9659258262890681,0.0,-17.0,2
2026-03-03 23:30:00,54.0,30.5,79.0,0.9169186573053083,-0.25881904510252157,0.9659258262890681,0.0,0.0,2
2026-03-03 23:40:00,53.0,30.7,80.0,0.8832858066652385,-0.25881904510252157,0.9659258262890681,-1.0,-1.0,2
2026-03-04 00:00:00,52.0,30.6,80.0,0.8782583893433591,0.0,1.0,-1.0,-2.0,2
2026-03-04 00:10:00,50.0,30.7,80.0,0.8832858066652385,0.0,1.0,-2.0,-4.0,2
2026-03-04 00:30:00,51.0,30.0,80.0,0.8486130117518025,0.0,1.0,1.0,-2.0,2
2026-03-04 00:40:00,51.0,30.5,80.0,0.8732558641002934,0.0,1.0,0.0,-1.0,2
2026-03-04 01:00:00,49.0,30.5,80.0,0.8732558641002934,0.25881904510252074,0.9659258262890683,-2.0,-1.0,2
2026-03-04 01:10:00,52.0,30.2,81.0,0.8154767780719099,0.25881904510252074,0.9659258262890683,3.0,1.0,2
2026-03-04 01:30:00,51.0,30.6,81.0,0.8343454698761907,0.25881904510252074,0.9659258262890683,-1.0,0.0,2
2026-03-04 01:40:00,67.0,30.5,82.0,0.7859302776902646,0.25881904510252074,0.9659258262890683,16.0,18.0,2
2026-03-04 02:00:00,50.0,29.1,83.0,0.6849103519540565,0.49999999999999994,0.8660254037844387,-17.0,-2.0,2
2026-03-04 02:10:00,50.0,29.9,84.0,0.6750061434448553,0.49999999999999994,0.8660254037844387,0.0,-1.0,2
2026-03-04 02:30:00,66.0,29.0,84.0,0.6409084160137475,0.49999999999999994,0.8660254037844387,16.0,-1.0,2
2026-03-04 02:40:00,51.0,29.0,84.0,0.6409084160137475,0.49999999999999994,0.8660254037844387,-15.0,1.0,2
2026-03-04 03:00:00,50.0,29.9,84.0,0.6750061434448553,0.7071067811865476,0.7071067811865476,-1.0,0.0,2
2026-03-04 03:10:00,50.0,29.8,84.0,0.6711412177467739,0.7071067811865476,0.7071067811865476,0.0,-16.0,2
2026-03-04 03:30:00,49.0,29.6,84.0,0.6634690640192087,0.7071067811865476,0.7071067811865476,-1.0,-2.0,2
2026-03-04 03:40:00,50.0,29.5,84.0,0.6596616751009892,0.7071067811865476,0.7071067811865476,1.0,0.0,2
2026-03-04 04:00:00,66.0,29.1,84.0,0.6446215077214648,0.8660254037844386,0.5000000000000001,16.0,16.0,2
2026-03-04 04:10:00,67.0,29.2,84.0,0.6483533003598483,0.8660254037844386,0.5000000000000001,1.0,18.0,2
2026-03-04 04:30:00,51.0,29.6,85.0,0.6220022475180085,0.8660254037844386,0.5000000000000001,-16.0,1.0,2
2026-03-04 04:40:00,51.0,29.6,84.0,0.6634690640192087,0.8660254037844386,0.5000000000000001,0.0,-15.0,2
2026-03-04 05:00:00,52.0,29.4,84.0,0.6558733046626131,0.9659258262890683,0.25881904510252074,1.0,-15.0,2
2026-03-04 05:10:00,51.0,29.0,84.0,0.6409084160137475,0.9659258262890683,0.25881904510252074,-1.0,0.0,2
2026-03-04 05:30:00,69.0,29.1,85.0,0.6043326634888735,0.9659258262890683,0.25881904510252074,18.0,18.0,2
2026-03-04 05:50:00,71.0,29.0,84.0,0.6409084160137475,0.9659258262890683,0.25881904510252074,2.0,19.0,2
2026-03-04 06:00:00,50.0,29.1,85.0,0.6043326634888735,1.0,6.123233995736766e-17,-21.0,-1.0,2
2026-03-04 06:20:00,50.0,29.1,85.0,0.6043326634888735,1.0,6.123233995736766e-17,0.0,-19.0,2
2026-03-04 06:30:00,48.0,29.2,84.0,0.6483533003598483,1.0,6.123233995736766e-17,-2.0,-23.0,2
2026-03-04 06:50:00,52.0,29.9,84.0,0.6750061434448553,1.0,6.123233995736766e-17,4.0,2.0,2
2026-03-04 07:00:00,50.0,29.7,84.0,0.6672955514639365,0.9659258262890683,-0.25881904510252063,-2.0,0.0,2
2026-03-04 07:20:00,50.0,29.5,84.0,0.6596616751009892,0.9659258262890683,-0.25881904510252063,0.0,2.0,2
2026-03-04 07:30:00,51.0,30.0,84.0,0.6788904094014421,0.9659258262890683,-0.25881904510252063,1.0,-1.0,2
2026-03-04 07:50:00,50.0,30.6,83.0,0.7465196309418554,0.9659258262890683,-0.25881904510252063,-1.0,0.0,2
2026-03-04 08:00:00,65.0,30.0,83.0,0.7213210599890325,0.8660254037844387,-0.4999999999999998,15.0,15.0,2
2026-03-04 08:20:00,49.0,30.2,83.0,0.7296371172222358,0.8660254037844387,-0.4999999999999998,-16.0,-2.0,2
2026-03-04 08:30:00,51.0,30.2,82.0,0.7725569476470731,0.8660254037844387,-0.4999999999999998,2.0,1.0,2
2026-03-04 08:50:00,51.0,30.2,82.0,0.7725569476470731,0.8660254037844387,-0.4999999999999998,0.0,-14.0,2
2026-03-04 09:00:00,51.0,30.7,82.0,0.794957225998715,0.7071067811865476,-0.7071067811865475,0.0,2.0,2
2026-03-04 09:20:00,68.0,30.3,81.0,0.820158822745416,0.7071067811865476,-0.7071067811865475,17.0,17.0,2
2026-03-04 09:30:00,64.0,31.8,81.0,0.893247178896416,0.7071067811865476,-0.7071067811865475,-4.0,13.0,2
2026-03-04 09:50:00,50.0,31.7,81.0,0.8882044342945523,0.7071067811865476,-0.7071067811865475,-14.0,-1.0,2
2026-03-04 10:00:00,49.0,30.9,80.0,0.8934157328537347,0.49999999999999994,-0.8660254037844387,-1.0,-19.0,2
2026-03-04 10:20:00,49.0,31.0,78.0,0.9883702952460882,0.49999999999999994,-0.8660254037844387,0.0,-15.0,2
2026-03-04 10:30:00,61.0,31.8,77.0,1.0812992165588193,0.49999999999999994,-0.8660254037844387,12.0,11.0,2
2026-03-04 10:50:00,68.0,32.2,78.0,1.0579310203578505,0.49999999999999994,-0.8660254037844387,7.0,19.0,2
2026-03-04 11:00:00,46.0,32.8,79.0,1.044538318604435,0.258819045102521,-0.9659258262890682,-22.0,-3.0,2
2026-03-04 11:20:00,44.0,32.5,74.0,1.2716025218655482,0.258819045102521,-0.9659258262890682,-2.0,-17.0,2
2026-03-04 11:30:00,44.0,32.5,75.0,1.2226947325630273,0.258819045102521,-0.9659258262890682,0.0,-24.0,2
2026-03-04 11:50:00,62.0,33.5,72.0,1.4484263880694952,0.258819045102521,-0.9659258262890682,18.0,16.0,2
2026-03-04 12:00:00,63.0,32.8,73.0,1.3429778382057025,1.2246467991473532e-16,-1.0,1.0,19.0,2
2026-03-04 12:20:00,46.0,32.6,74.0,1.278779130765828,1.2246467991473532e-16,-1.0,-17.0,2.0,2
2026-03-04 12:30:00,62.0,32.0,75.0,1.1886938490654533,1.2246467991473532e-16,-1.0,16.0,0.0,2
2026-03-04 12:50:00,45.0,32.0,73.0,1.2837893569906895,1.2246467991473532e-16,-1.0,-17.0,-18.0,2
2026-03-04 13:00:00,45.0,32.4,75.0,1.2158277995132183,-0.2588190451025208,-0.9659258262890683,0.0,-1.0,2
2026-03-04 13:20:00,44.0,33.8,71.0,1.5254903329678609,-0.2588190451025208,-0.9659258262890683,-1.0,-18.0,2
2026-03-04 13:30:00,62.0,33.0,71.0,1.458742860725987,-0.2588190451025208,-0.9659258262890683,18.0,17.0,2
2026-03-04 13:50:00,44.0,33.7,70.0,1.5693150903855986,-0.2588190451025208,-0.9659258262890683,-18.0,-1.0,2
2026-03-04 14:10:00,43.0,33.5,70.0,1.5518854157887447,-0.4999999999999997,-0.8660254037844388,-1.0,-1.0,2
2026-03-04 14:20:00,43.0,33.6,70.0,1.5605791368086703,-0.4999999999999997,-0.8660254037844388,0.0,-19.0,2
2026-03-04 14:40:00,62.0,33.5,71.0,1.5001559019291197,-0.4999999999999997,-0.8660254037844388,19.0,18.0,2
2026-03-04 14:50:00,42.0,33.4,69.0,1.594674881705898,-0.4999999999999997,-0.8660254037844388,-20.0,-1.0,2
2026-03-04 15:10:00,44.0,33.6,70.0,1.5605791368086703,-0.7071067811865471,-0.7071067811865479,2.0,1.0,2
2026-03-04 15:20:00,61.0,32.3,71.0,1.402433482466555,-0.7071067811865471,-0.7071067811865479,17.0,-1.0,2
2026-03-04 15:40:00,63.0,32.8,71.0,1.4424576780727913,-0.7071067811865471,-0.7071067811865479,2.0,21.0,2
2026-03-04 15:50:00,44.0,32.4,72.0,1.3617271354548044,-0.7071067811865471,-0.7071067811865479,-19.0,0.0,2
2026-03-04 16:10:00,43.0,32.8,75.0,1.2434979983386132,-0.8660254037844385,-0.5000000000000004,-1.0,-18.0,2
2026-03-04 16:20:00,43.0,32.4,72.0,1.3617271354548044,-0.8660254037844385,-0.5000000000000004,0.0,-20.0,2
2026-03-04 16:40:00,61.0,32.9,71.0,1.4505804295223204,-0.8660254037844385,-0.5000000000000004,18.0,17.0,2
2026-03-04 16:50:00,57.0,32.0,72.0,1.3313371109533079,-0.8660254037844385,-0.5000000000000004,-4.0,14.0,2
2026-03-04 17:10:00,63.0,32.2,73.0,1.2983698886209987,-0.9659258262890683,-0.25881904510252063,6.0,20.0,2
2026-03-04 17:20:00,45.0,32.2,76.0,1.15410656766311,-0.9659258262890683,-0.25881904510252063,-18.0,-16.0,2
2026-03-04 17:40:00,45.0,32.3,76.0,1.1606346061792174,-0.9659258262890683,-0.25881904510252063,0.0,-12.0,2
2026-03-04 17:50:00,46.0,32.6,77.0,1.13122769260054,-0.9659258262890683,-0.25881904510252063,1.0,-17.0,2
2026-03-04 18:10:00,57.0,32.9,77.0,1.1504603406556333,-1.0,-1.8369701987210297e-16,11.0,12.0,2
2026-03-04 18:20:00,57.0,32.3,78.0,1.0639150556642827,-1.0,-1.8369701987210297e-16,0.0,12.0,2
2026-03-04 18:40:00,71.0,32.5,78.0,1.075971364655464,-1.0,-1.8369701987210297e-16,14.0,25.0,2
2026-03-04 18:50:00,54.0,32.8,78.0,1.0942782385379797,-1.0,-1.8369701987210297e-16,-17.0,-3.0,2
2026-03-04 19:10:00,53.0,31.8,80.0,0.940260188312017,-0.9659258262890684,0.2588190451025203,-1.0,-4.0,2
2026-03-04 19:20:00,70.0,31.1,81.0,0.858464152846703,-0.9659258262890684,0.2588190451025203,17.0,-1.0,2
2026-03-04 19:40:00,53.0,31.6,81.0,0.8831864391244979,-0.9659258262890684,0.2588190451025203,-17.0,-1.0,2
2026-03-04 19:50:00,53.0,31.0,79.0,0.9434443727349024,-0.9659258262890684,0.2588190451025203,0.0,0.0,2
2026-03-04 20:10:00,51.0,31.1,81.0,0.858464152846703,-0.8660254037844386,0.5000000000000001,-2.0,-19.0,2
2026-03-04 20:20:00,67.0,31.6,82.0,0.836702942328472,-0.8660254037844386,0.5000000000000001,16.0,14.0,2
2026-03-04 20:40:00,69.0,30.9,83.0,0.7594033729256751,-0.8660254037844386,0.5000000000000001,2.0,16.0,2
2026-03-04 20:50:00,68.0,30.0,83.0,0.7213210599890325,-0.8660254037844386,0.5000000000000001,-1.0,17.0,2
2026-03-04 21:10:00,50.0,30.8,84.0,0.7106705758465273,-0.7071067811865477,0.7071067811865474,-18.0,-17.0,2
2026-03-04 21:20:00,49.0,30.1,85.0,0.6401194656811136,-0.7071067811865477,0.7071067811865474,-1.0,-20.0,2
2026-03-04 21:40:00,66.0,30.3,84.0,0.6906600612592979,-0.7071067811865477,0.7071067811865474,17.0,-2.0,2
2026-03-04 21:50:00,49.0,30.1,84.0,0.6827940967265209,-0.7071067811865477,0.7071067811865474,-17.0,-1.0,2
2026-03-04 22:10:00,51.0,30.5,83.0,0.7422674844852497,-0.5000000000000004,0.8660254037844384,2.0,2.0,2
2026-03-04 22:20:00,49.0,30.5,83.0,0.7422674844852497,-0.5000000000000004,0.8660254037844384,-2.0,-17.0,2
2026-03-04 22:40:00,67.0,30.2,83.0,0.7296371172222358,-0.5000000000000004,0.8660254037844384,18.0,18.0,2
2026-03-04 23:00:00,68.0,30.4,84.0,0.6946225020259593,-0.25881904510252157,0.9659258262890681,1.0,17.0,2
2026-03-04 23:10:00,50.0,30.5,85.0,0.6549418980752204,-0.25881904510252157,0.9659258262890681,-18.0,1.0,2
2026-03-04 23:30:00,66.0,30.0,85.0,0.6364597588138521,-0.25881904510252157,0.9659258262890681,16.0,-1.0,2
2026-03-04 23:40:00,50.0,30.3,85.0,0.6474938074305916,-0.25881904510252157,0.9659258262890681,-16.0,-18.0,2
2026-03-05 00:00:00,66.0,29.5,86.0,0.5772039657133656,0.0,1.0,16.0,16.0,2
2026-03-05 00:10:00,67.0,29.4,86.0,0.5738891415797864,0.0,1.0,1.0,1.0,2
2026-03-05 00:30:00,68.0,29.4,86.0,0.5738891415797864,0.0,1.0,1.0,18.0,2
2026-03-05 00:40:00,49.0,29.5,85.0,0.6184328204071772,0.0,1.0,-19.0,-17.0,2
2026-03-05 01:00:00,51.0,29.8,85.0,0.6291948916376007,0.25881904510252074,0.9659258262890683,2.0,-16.0,2
2026-03-05 01:10:00,49.0,29.4,85.0,0.6148812231211997,0.25881904510252074,0.9659258262890683,-2.0,-19.0,2
2026-03-05 01:30:00,66.0,29.2,84.0,0.6483533003598483,0.25881904510252074,0.9659258262890683,17.0,17.0,2
2026-03-05 01:40:00,50.0,29.0,83.0,0.6809651920146069,0.25881904510252074,0.9659258262890683,-16.0,-1.0,2
2026-03-05 02:00:00,48.0,29.3,85.0,0.6113473808641476,0.49999999999999994,0.8660254037844387,-2.0,-1.0,2
2026-03-05 02:10:00,61.0,29.5,84.0,0.6596616751009892,0.49999999999999994,0.8660254037844387,13.0,-5.0,2
2026-03-05 02:30:00,48.0,29.4,82.0,0.7378574677454397,0.49999999999999994,0.8660254037844387,-13.0,-2.0,2
2026-03-05 02:40:00,47.0,29.1,83.0,0.6849103519540565,0.49999999999999994,0.8660254037844387,-1.0,-1.0,2
2026-03-05 03:00:00,46.0,29.7,84.0,0.6672955514639365,0.7071067811865476,0.7071067811865476,-1.0,-15.0,2
2026-03-05 03:10:00,47.0,29.4,83.0,0.6968653862040264,0.7071067811865476,0.7071067811865476,1.0,-1.0,2
2026-03-05 03:30:00,66.0,29.9,82.0,0.7593819113754621,0.7071067811865476,0.7071067811865476,19.0,19.0,2
2026-03-05 03:40:00,47.0,29.6,83.0,0.7049358805204093,0.7071067811865476,0.7071067811865476,-19.0,1.0,2
2026-03-05 04:00:00,65.0,29.7,83.0,0.7090015234304325,0.8660254037844386,0.5000000000000001,18.0,18.0,2
2026-03-05 04:10:00,47.0,29.8,82.0,0.7550338699651205,0.8660254037844386,0.5000000000000001,-18.0,-19.0,2
2026-03-05 04:30:00,49.0,29.6,83.0,0.7049358805204093,0.8660254037844386,0.5000000000000001,2.0,2.0,2
2026-03-05 04:40:00,49.0,29.6,84.0,0.6634690640192087,0.8660254037844386,0.5000000000000001,0.0,-16.0,2
2026-03-05 05:00:00,49.0,29.6,84.0,0.6634690640192087,0.9659258262890683,0.25881904510252074,0.0,2.0,2
2026-03-05 05:10:00,48.0,28.6,85.0,0.5871013948019765,0.9659258262890683,0.25881904510252074,-1.0,-1.0,2
2026-03-05 05:30:00,48.0,28.8,84.0,0.633538020728118,0.9659258262890683,0.25881904510252074,0.0,-1.0,2
2026-03-05 05:40:00,50.0,28.2,85.0,0.5736258027081078,0.9659258262890683,0.25881904510252074,2.0,1.0,2
2026-03-05 06:00:00,50.0,28.9,85.0,0.5973880748491913,1.0,6.123233995736766e-17,0.0,2.0,2
2026-03-05 06:10:00,49.0,28.0,85.0,0.5669895545992896,1.0,6.123233995736766e-17,-1.0,1.0,2
2026-03-05 06:30:00,48.0,28.9,83.0,0.6770398181624171,1.0,6.123233995736766e-17,-1.0,-2.0,2
2026-03-05 06:40:00,50.0,28.7,84.0,0.629880560471956,1.0,6.123233995736766e-17,2.0,0.0,2
2026-03-05 07:00:00,53.0,28.6,84.0,0.626241487788775,0.9659258262890683,-0.25881904510252063,3.0,4.0,2
2026-03-05 07:20:00,48.0,29.1,84.0,0.6446215077214648,0.9659258262890683,-0.25881904510252063,-5.0,0.0,2
2026-03-05 07:30:00,48.0,29.0,84.0,0.6409084160137475,0.9659258262890683,-0.25881904510252063,0.0,-2.0,2
2026-03-05 08:30:00,48.0,29.1,82.0,0.7251991961866482,0.8660254037844387,-0.4999999999999998,0.0,-5.0,2
2026-03-05 08:50:00,47.0,29.4,82.0,0.7378574677454397,0.8660254037844387,-0.4999999999999998,-1.0,-1.0,2
2026-03-05 09:00:00,47.0,29.6,82.0,0.74640269702161,0.7071067811865476,-0.7071067811865475,0.0,-1.0,2
2026-03-05 09:20:00,47.0,30.3,81.0,0.820158822745416,0.7071067811865476,-0.7071067811865475,0.0,-1.0,2
2026-03-05 09:30:00,65.0,30.0,80.0,0.8486130117518025,0.7071067811865476,-0.7071067811865475,18.0,18.0,2
2026-03-05 09:50:00,48.0,30.5,80.0,0.8732558641002934,0.7071067811865476,-0.7071067811865475,-17.0,1.0,2
2026-03-05 10:00:00,45.0,30.9,77.0,1.0274280927817951,0.49999999999999994,-0.8660254037844387,-3.0,-2.0,2
2026-03-05 10:20:00,47.0,30.0,77.0,0.9759049635145729,0.49999999999999994,-0.8660254037844387,2.0,-18.0,2
2026-03-05 10:30:00,47.0,31.2,74.0,1.1814398925278056,0.49999999999999994,-0.8660254037844387,0.0,-1.0,2
2026-03-05 10:50:00,47.0,31.2,75.0,1.1359998966613514,0.49999999999999994,-0.8660254037844387,0.0,2.0,2
2026-03-05 11:10:00,46.0,31.3,73.0,1.233871484780793,0.258819045102521,-0.9659258262890682,-1.0,-1.0,2
2026-03-05 11:20:00,66.0,31.9,72.0,1.3238323001047232,0.258819045102521,-0.9659258262890682,20.0,19.0,2
2026-03-05 11:40:00,65.0,31.1,73.0,1.2199227435189997,0.258819045102521,-0.9659258262890682,-1.0,18.0,2
2026-03-05 11:50:00,63.0,31.2,72.0,1.2723198842607135,0.258819045102521,-0.9659258262890682,-2.0,17.0,2
2026-03-05 12:10:00,47.0,31.9,72.0,1.3238323001047232,1.2246467991473532e-16,-1.0,-16.0,-19.0,2
2026-03-05 12:20:00,43.0,31.9,71.0,1.3711120251084634,1.2246467991473532e-16,-1.0,-4.0,-22.0,2
2026-03-05 12:40:00,45.0,31.4,71.0,1.3328160218277878,1.2246467991473532e-16,-1.0,2.0,-18.0,2
2026-03-05 12:50:00,45.0,31.5,72.0,1.2941792928471414,1.2246467991473532e-16,-1.0,0.0,-2.0,2
2026-03-05 13:10:00,63.0,31.1,72.0,1.2651050673530366,-0.2588190451025208,-0.9659258262890683,18.0,20.0,2
2026-03-05 13:20:00,43.0,31.1,69.0,1.400652038855148,-0.2588190451025208,-0.9659258262890683,-20.0,-2.0,2
2026-03-05 13:40:00,45.0,31.4,71.0,1.3328160218277878,-0.2588190451025208,-0.9659258262890683,2.0,0.0,2
2026-03-05 13:50:00,45.0,32.1,69.0,1.4823301527892805,-0.2588190451025208,-0.9659258262890683,0.0,-18.0,2
2026-03-05 14:10:00,64.0,31.0,69.0,1.392703597846761,-0.4999999999999997,-0.8660254037844388,19.0,21.0,2
2026-03-05 14:20:00,45.0,32.0,69.0,1.4739803728411625,-0.4999999999999997,-0.8660254037844388,-19.0,0.0,2
2026-03-05 14:40:00,45.0,32.2,68.0,1.5388087568841464,-0.4999999999999997,-0.8660254037844388,0.0,0.0,2
2026-03-05 14:50:00,44.0,32.5,68.0,1.5650492576806747,-0.4999999999999997,-0.8660254037844388,-1.0,-20.0,2
2026-03-05 15:10:00,45.0,32.0,67.0,1.5690758807663983,-0.7071067811865471,-0.7071067811865479,1.0,0.0,2
2026-03-05 15:20:00,44.0,31.6,68.0,1.487471897472839,-0.7071067811865471,-0.7071067811865479,-1.0,-1.0,2
2026-03-05 15:40:00,45.0,32.0,68.0,1.52152812680378,-0.7071067811865471,-0.7071067811865479,1.0,1.0,2
2026-03-05 15:50:00,46.0,31.0,68.0,1.4376295203579463,-0.7071067811865471,-0.7071067811865479,1.0,1.0,2
2026-03-05 16:10:00,64.0,31.4,70.0,1.3787751949942635,-0.8660254037844385,-0.5000000000000004,18.0,20.0,2
2026-03-05 16:20:00,46.0,31.3,68.0,1.4623662041846432,-0.8660254037844385,-0.5000000000000004,-18.0,1.0,2
2026-03-05 16:40:00,46.0,31.3,68.0,1.4623662041846432,-0.8660254037844385,-0.5000000000000004,0.0,0.0,2
2026-03-05 16:50:00,45.0,31.3,69.0,1.4166672603038735,-0.8660254037844385,-0.5000000000000004,-1.0,-19.0,2
2026-03-05 17:10:00,33.0,31.4,71.0,1.3328160218277878,-0.9659258262890683,-0.25881904510252063,-12.0,-13.0,2
2026-03-05 17:20:00,63.0,31.6,74.0,1.2085709166966816,-0.9659258262890683,-0.25881904510252063,30.0,17.0,2
2026-03-05 17:40:00,66.0,31.0,74.0,1.1680739852908317,-0.9659258262890683,-0.25881904510252063,3.0,21.0,2
2026-03-05 17:50:00,64.0,31.4,75.0,1.148979329161886,-0.9659258262890683,-0.25881904510252063,-2.0,31.0,2
2026-03-05 18:10:00,66.0,31.6,76.0,1.1156039231046293,-1.0,-1.8369701987210297e-16,2.0,3.0,2
2026-03-05 18:20:00,65.0,31.7,76.0,1.1219424433194347,-1.0,-1.8369701987210297e-16,-1.0,-1.0,2
2026-03-05 18:40:00,80.0,31.5,79.0,0.9706344696353559,-1.0,-1.8369701987210297e-16,15.0,16.0,2
2026-03-05 18:50:00,66.0,31.9,78.0,1.0401539500822823,-1.0,-1.8369701987210297e-16,-14.0,0.0,2
2026-03-05 19:10:00,80.0,31.9,75.0,1.181993125093503,-0.9659258262890684,0.2588190451025203,14.0,15.0,2
2026-03-05 19:20:00,65.0,31.5,74.0,1.2017379147866314,-0.9659258262890684,0.2588190451025203,-15.0,-15.0,2
2026-03-05 19:40:00,64.0,31.1,75.0,1.1295580958509257,-0.9659258262890684,0.2588190451025203,-1.0,-2.0,2
2026-03-05 20:00:00,64.0,30.1,74.0,1.1095404071805968,-0.8660254037844386,0.5000000000000001,0.0,-16.0,2
2026-03-05 20:10:00,65.0,31.4,72.0,1.2868568486613126,-0.8660254037844386,0.5000000000000001,1.0,0.0,2
2026-03-05 20:30:00,63.0,31.5,72.0,1.2941792928471414,-0.8660254037844386,0.5000000000000001,-2.0,-1.0,2
2026-03-05 20:40:00,65.0,30.7,74.0,1.1482715486648098,-0.8660254037844386,0.5000000000000001,2.0,1.0,2
2026-03-05 21:00:00,80.0,30.8,74.0,1.1548396857506065,-0.7071067811865477,0.7071067811865474,15.0,15.0,2
2026-03-05 21:10:00,64.0,30.1,74.0,1.1095404071805968,-0.7071067811865477,0.7071067811865474,-16.0,1.0,2
2026-03-05 21:30:00,80.0,30.0,75.0,1.0607662646897533,-0.7071067811865477,0.7071067811865474,16.0,15.0,2
2026-03-05 21:40:00,65.0,30.9,75.0,1.1167696660671687,-0.7071067811865477,0.7071067811865474,-15.0,-15.0,2
2026-03-05 22:00:00,63.0,30.8,75.0,1.110422774760199,-0.5000000000000004,0.8660254037844384,-2.0,-1.0,2
2026-03-05 22:10:00,78.0,30.0,75.0,1.0607662646897533,-0.5000000000000004,0.8660254037844384,15.0,-2.0,2
2026-03-05 22:30:00,63.0,30.8,75.0,1.110422774760199,-0.5000000000000004,0.8660254037844384,-15.0,-2.0,2
2026-03-05 22:40:00,78.0,30.2,75.0,1.0729957606209348,-0.5000000000000004,0.8660254037844384,15.0,15.0,2
2026-03-05 23:00:00,66.0,30.3,75.0,1.079156345717653,-0.25881904510252157,0.9659258262890681,-12.0,-12.0,2
2026-03-05 23:10:00,67.0,30.7,76.0,1.0599429679982864,-0.25881904510252157,0.9659258262890681,1.0,4.0,2
2026-03-05 23:30:00,67.0,30.6,75.0,1.0978229866791986,-0.25881904510252157,0.9659258262890681,0.0,-11.0,2
2026-03-05 23:40:00,73.0,30.5,76.0,1.0479070369203525,-0.25881904510252157,0.9659258262890681,6.0,7.0,2
2026-03-06 00:00:00,72.0,30.5,76.0,1.0479070369203525,0.0,1.0,-1.0,5.0,2
2026-03-06 00:10:00,71.0,30.6,77.0,1.0099971477448628,0.0,1.0,-1.0,4.0,2
2026-03-06 00:30:00,83.0,29.1,77.0,0.9266434173496054,0.0,1.0,12.0,10.0,2
2026-03-06 00:40:00,72.0,29.8,78.0,0.9228191744018139,0.0,1.0,-11.0,0.0,2
2026-03-06 01:00:00,84.0,29.4,77.0,0.9428178754525058,0.25881904510252074,0.9659258262890683,12.0,13.0,2
2026-03-06 01:10:00,72.0,29.2,78.0,0.8914857879947911,0.25881904510252074,0.9659258262890683,-12.0,-11.0,2
2026-03-06 01:30:00,69.0,29.2,78.0,0.8914857879947911,0.25881904510252074,0.9659258262890683,-3.0,-3.0,2
2026-03-06 01:40:00,66.0,29.9,78.0,0.9281334472366756,0.25881904510252074,0.9659258262890683,-3.0,-18.0,2
2026-03-06 02:00:00,60.0,29.3,80.0,0.8151298411521966,0.49999999999999994,0.8660254037844387,-6.0,-12.0,2
2026-03-06 02:10:00,56.0,29.1,79.0,0.8460657288844224,0.49999999999999994,0.8660254037844387,-4.0,-13.0,2
2026-03-06 02:30:00,71.0,29.4,80.0,0.8198416308282659,0.49999999999999994,0.8660254037844387,15.0,5.0,2
2026-03-06 02:40:00,73.0,29.3,79.0,0.8558863332098063,0.49999999999999994,0.8660254037844387,2.0,13.0,2
2026-03-06 03:00:00,71.0,29.6,81.0,0.7878695135228102,0.7071067811865476,0.7071067811865476,-2.0,15.0,2
2026-03-06 03:10:00,54.0,29.4,81.0,0.7788495492868526,0.7071067811865476,0.7071067811865476,-17.0,-17.0,2
2026-03-06 03:30:00,53.0,29.7,81.0,0.7924134673634242,0.7071067811865476,0.7071067811865476,-1.0,-20.0,2
2026-03-06 03:40:00,52.0,29.0,81.0,0.7610787440163249,0.7071067811865476,0.7071067811865476,-1.0,-19.0,2
2026-03-06 04:00:00,56.0,29.6,80.0,0.8293363300240109,0.8660254037844386,0.5000000000000001,4.0,2.0,2
2026-03-06 04:20:00,55.0,29.9,79.0,0.8859455632713722,0.8660254037844386,0.5000000000000001,-1.0,2.0,2
2026-03-06 04:30:00,53.0,29.8,80.0,0.838926522183467,0.8660254037844386,0.5000000000000001,-2.0,1.0,2
2026-03-06 04:50:00,51.0,29.0,79.0,0.8411922960180434,0.8660254037844386,0.5000000000000001,-2.0,-5.0,2
2026-03-06 05:00:00,67.0,29.1,79.0,0.8460657288844224,0.9659258262890683,0.25881904510252074,16.0,12.0,2
2026-03-06 05:20:00,46.0,29.8,79.0,0.8808728482926402,0.9659258262890683,0.25881904510252074,-21.0,-7.0,2
2026-03-06 05:30:00,66.0,29.8,80.0,0.838926522183467,0.9659258262890683,0.25881904510252074,20.0,15.0,2
2026-03-06 05:50:00,48.0,29.4,81.0,0.7788495492868526,0.9659258262890683,0.25881904510252074,-18.0,-19.0,2
2026-03-06 06:00:00,48.0,29.5,83.0,0.7008905297948012,1.0,6.123233995736766e-17,0.0,2.0,2
2026-03-06 06:30:00,50.0,28.0,84.0,0.604788858239242,1.0,6.123233995736766e-17,2.0,-16.0,2
2026-03-06 06:50:00,55.0,29.1,84.0,0.6446215077214648,1.0,6.123233995736766e-17,5.0,7.0,2
2026-03-06 07:00:00,55.0,29.4,83.0,0.6968653862040264,0.9659258262890683,-0.25881904510252063,0.0,7.0,2
2026-03-06 07:20:00,71.0,29.0,83.0,0.6809651920146069,0.9659258262890683,-0.25881904510252063,16.0,21.0,2
2026-03-06 07:30:00,58.0,29.1,83.0,0.6849103519540565,0.9659258262890683,-0.25881904510252063,-13.0,3.0,2
2026-03-06 07:50:00,66.0,29.8,83.0,0.7130875438559472,0.9659258262890683,-0.25881904510252063,8.0,11.0,2
2026-03-06 08:00:00,55.0,29.2,83.0,0.688875381632339,0.8660254037844387,-0.4999999999999998,-11.0,-16.0,2
2026-03-06 08:20:00,72.0,29.8,82.0,0.7550338699651205,0.8660254037844387,-0.4999999999999998,17.0,14.0,2
2026-03-06 08:30:00,56.0,29.6,84.0,0.6634690640192087,0.8660254037844387,-0.4999999999999998,-16.0,-10.0,2
2026-03-06 08:50:00,56.0,29.0,81.0,0.7610787440163249,0.8660254037844387,-0.4999999999999998,0.0,1.0,2
2026-03-06 09:00:00,55.0,29.2,81.0,0.7699195441773194,0.7071067811865476,-0.7071067811865475,-1.0,-17.0,2
2026-03-06 09:20:00,73.0,30.7,79.0,0.9274500969985002,0.7071067811865476,-0.7071067811865475,18.0,17.0,2
2026-03-06 09:30:00,56.0,29.3,79.0,0.8558863332098063,0.7071067811865476,-0.7071067811865475,-17.0,0.0,2
2026-03-06 09:50:00,58.0,29.3,78.0,0.8966428252674161,0.7071067811865476,-0.7071067811865475,2.0,3.0,2
2026-03-06 10:00:00,57.0,28.2,78.0,0.8413178439718911,0.49999999999999994,-0.8660254037844387,-1.0,-16.0,2
2026-03-06 10:20:00,59.0,28.0,82.0,0.6803874655191477,0.49999999999999994,-0.8660254037844387,2.0,3.0,2
2026-03-06 10:30:00,59.0,28.1,84.0,0.6083192279076024,0.49999999999999994,-0.8660254037844387,0.0,1.0,2
2026-03-06 10:50:00,75.0,28.0,83.0,0.6425881618791949,0.49999999999999994,-0.8660254037844387,16.0,18.0,2
2026-03-06 11:00:00,76.0,28.7,84.0,0.629880560471956,0.258819045102521,-0.9659258262890682,1.0,17.0,2
2026-03-06 11:30:00,61.0,27.0,85.0,0.534801026371627,0.258819045102521,-0.9659258262890682,-15.0,2.0,2
2026-03-06 11:50:00,57.0,27.3,87.0,0.4717145999792023,0.258819045102521,-0.9659258262890682,-4.0,-18.0,2
2026-03-06 12:10:00,77.0,27.1,85.0,0.5379465849526586,1.2246467991473532e-16,-1.0,20.0,1.0,2
2026-03-06 12:20:00,59.0,27.1,86.0,0.5020834792891478,1.2246467991473532e-16,-1.0,-18.0,-2.0,2
2026-03-06 12:40:00,75.0,28.8,85.0,0.5939418944326107,1.2246467991473532e-16,-1.0,16.0,18.0,2
2026-03-06 12:50:00,58.0,28.2,88.0,0.4589006421664861,1.2246467991473532e-16,-1.0,-17.0,-19.0,2
2026-03-06 13:10:00,58.0,28.5,88.0,0.466965543742226,-0.2588190451025208,-0.9659258262890683,0.0,-1.0,2
2026-03-06 13:20:00,58.0,28.9,87.0,0.517736331535966,-0.2588190451025208,-0.9659258262890683,0.0,-17.0,2
2026-03-06 13:40:00,75.0,28.2,88.0,0.4589006421664861,-0.2588190451025208,-0.9659258262890683,17.0,17.0,2
2026-03-06 13:50:00,72.0,29.2,86.0,0.5673091378148674,-0.2588190451025208,-0.9659258262890683,-3.0,14.0,2
2026-03-06 14:10:00,59.0,29.8,83.0,0.7130875438559472,-0.4999999999999997,-0.8660254037844388,-13.0,1.0,2
2026-03-06 14:20:00,59.0,29.1,84.0,0.6446215077214648,-0.4999999999999997,-0.8660254037844388,0.0,-16.0,2
2026-03-06 14:40:00,71.0,29.1,84.0,0.6446215077214648,-0.4999999999999997,-0.8660254037844388,12.0,-1.0,2
2026-03-06 14:50:00,58.0,29.6,82.0,0.74640269702161,-0.4999999999999997,-0.8660254037844388,-13.0,-1.0,2
2026-03-06 15:10:00,60.0,29.4,81.0,0.7788495492868526,-0.7071067811865471,-0.7071067811865479,2.0,1.0,2
2026-03-06 15:20:00,57.0,29.9,81.0,0.801569795340765,-0.7071067811865471,-0.7071067811865479,-3.0,-14.0,2
2026-03-06 15:40:00,58.0,29.2,82.0,0.7293974629048297,-0.7071067811865471,-0.7071067811865479,1.0,0.0,2
2026-03-06 15:50:00,56.0,29.8,81.0,0.7969801960742937,-0.7071067811865471,-0.7071067811865479,-2.0,-4.0,2
2026-03-06 16:10:00,72.0,29.7,81.0,0.7924134673634242,-0.8660254037844385,-0.5000000000000004,16.0,15.0,2
2026-03-06 16:20:00,58.0,29.8,84.0,0.6711412177467739,-0.8660254037844385,-0.5000000000000004,-14.0,0.0,2
2026-03-06 16:40:00,60.0,29.2,79.0,0.8509637067223008,-0.8660254037844385,-0.5000000000000004,2.0,4.0,2
2026-03-06 16:50:00,58.0,29.2,79.0,0.8509637067223008,-0.8660254037844385,-0.5000000000000004,-2.0,-14.0,2
2026-03-06 17:10:00,82.0,29.5,81.0,0.7833482391824242,-0.9659258262890683,-0.25881904510252063,24.0,24.0,2
2026-03-06 17:20:00,80.0,29.4,81.0,0.7788495492868526,-0.9659258262890683,-0.25881904510252063,-2.0,20.0,2
2026-03-06 17:40:00,67.0,29.8,81.0,0.7969801960742937,-0.9659258262890683,-0.25881904510252063,-13.0,9.0,2
2026-03-06 17:50:00,65.0,29.7,82.0,0.7507074953969286,-0.9659258262890683,-0.25881904510252063,-2.0,-17.0,2
2026-03-06 18:10:00,68.0,29.2,80.0,0.8104416254498101,-1.0,-1.8369701987210297e-16,3.0,-12.0,2
2026-03-06 18:20:00,70.0,29.6,83.0,0.7049358805204093,-1.0,-1.8369701987210297e-16,2.0,3.0,2
2026-03-06 18:40:00,67.0,28.7,83.0,0.669248095501453,-1.0,-1.8369701987210297e-16,-3.0,2.0,2
2026-03-06 18:50:00,68.0,29.8,81.0,0.7969801960742937,-1.0,-1.8369701987210297e-16,1.0,0.0,2
2026-03-06 19:10:00,68.0,29.6,82.0,0.74640269702161,-0.9659258262890684,0.2588190451025203,0.0,-2.0,2
2026-03-06 19:20:00,70.0,29.6,82.0,0.74640269702161,-0.9659258262890684,0.2588190451025203,2.0,3.0,2
2026-03-06 19:40:00,84.0,29.7,81.0,0.7924134673634242,-0.9659258262890684,0.2588190451025203,14.0,16.0,2
2026-03-06 19:50:00,85.0,29.8,83.0,0.7130875438559472,-0.9659258262890684,0.2588190451025203,1.0,17.0,2
2026-03-06 20:10:00,84.0,28.1,85.0,0.5702992761633774,-0.8660254037844386,0.5000000000000001,-1.0,14.0,2
2026-03-06 20:20:00,84.0,28.2,84.0,0.6118675228886481,-0.8660254037844386,0.5000000000000001,0.0,0.0,2
2026-03-06 20:40:00,70.0,29.1,84.0,0.6446215077214648,-0.8660254037844386,0.5000000000000001,-14.0,-15.0,2
2026-03-06 21:00:00,70.0,28.3,85.0,0.5769692058582825,-0.7071067811865477,0.7071067811865474,0.0,-14.0,2
2026-03-06 21:10:00,69.0,28.8,86.0,0.5543457681371033,-0.7071067811865477,0.7071067811865474,-1.0,-15.0,2
2026-03-06 21:30:00,69.0,28.9,87.0,0.517736331535966,-0.7071067811865477,0.7071067811865474,0.0,-1.0,2
2026-03-06 21:40:00,67.0,28.1,87.0,0.4942593726749269,-0.7071067811865477,0.7071067811865474,-2.0,-3.0,2
2026-03-06 22:00:00,68.0,28.7,88.0,0.47241042035396674,-0.5000000000000004,0.8660254037844384,1.0,-1.0,2
2026-03-06 22:10:00,69.0,28.7,87.0,0.5117779553834643,-0.5000000000000004,0.8660254037844384,1.0,0.0,2
2026-03-06 22:30:00,68.0,28.0,88.0,0.4535916436794314,-0.5000000000000004,0.8660254037844384,-1.0,1.0,2
2026-03-06 22:40:00,66.0,28.7,88.0,0.47241042035396674,-0.5000000000000004,0.8660254037844384,-2.0,-2.0,2
2026-03-06 23:00:00,82.0,28.9,88.0,0.4779104598793529,-0.25881904510252157,0.9659258262890681,16.0,13.0,2
2026-03-06 23:10:00,67.0,28.9,88.0,0.4779104598793529,-0.25881904510252157,0.9659258262890681,-15.0,-1.0,2
2026-03-06 23:30:00,65.0,28.5,87.0,0.5058793390540779,-0.25881904510252157,0.9659258262890681,-2.0,-1.0,2
2026-03-06 23:40:00,67.0,28.3,88.0,0.46157536468662563,-0.25881904510252157,0.9659258262890681,2.0,-15.0,2
2026-03-07 00:00:00,82.0,28.0,88.0,0.4535916436794314,0.0,1.0,15.0,15.0,2
2026-03-07 00:10:00,67.0,28.7,88.0,0.47241042035396674,0.0,1.0,-15.0,2.0,2
2026-03-07 00:30:00,67.0,28.7,88.0,0.47241042035396674,0.0,1.0,0.0,0.0,2
2026-03-07 00:40:00,81.0,28.7,87.0,0.5117779553834643,0.0,1.0,14.0,-1.0,2
2026-03-07 01:00:00,66.0,28.8,88.0,0.47515351554608865,0.25881904510252074,0.9659258262890683,-15.0,-1.0,2
2026-03-07 01:10:00,81.0,28.1,88.0,0.4562394209307019,0.25881904510252074,0.9659258262890683,15.0,14.0,2
2026-03-07 01:30:00,82.0,27.7,88.0,0.44572840571236094,0.25881904510252074,0.9659258262890683,1.0,1.0,2
2026-03-07 01:40:00,65.0,28.8,87.0,0.514749641841596,0.25881904510252074,0.9659258262890683,-17.0,-1.0,2
2026-03-07 02:00:00,65.0,27.3,88.0,0.43542886151926385,0.49999999999999994,0.8660254037844387,0.0,-16.0,2
2026-03-07 02:10:00,80.0,27.5,87.0,0.47726512720792114,0.49999999999999994,0.8660254037844387,15.0,-2.0,2
2026-03-07 02:30:00,65.0,28.7,87.0,0.5117779553834643,0.49999999999999994,0.8660254037844387,-15.0,0.0,2
2026-03-07 02:40:00,65.0,27.5,88.0,0.44055242511500436,0.49999999999999994,0.8660254037844387,0.0,0.0,2
2026-03-07 03:00:00,65.0,27.5,88.0,0.44055242511500436,0.7071067811865476,0.7071067811865476,0.0,-15.0,2
2026-03-07 03:10:00,64.0,27.5,88.0,0.44055242511500436,0.7071067811865476,0.7071067811865476,-1.0,-1.0,2
2026-03-07 03:30:00,65.0,27.5,88.0,0.44055242511500436,0.7071067811865476,0.7071067811865476,1.0,0.0,2
2026-03-07 03:40:00,64.0,27.7,88.0,0.44572840571236094,0.7071067811865476,0.7071067811865476,-1.0,-1.0,2
2026-03-07 04:00:00,64.0,27.9,88.0,0.45095725330488134,0.8660254037844386,0.5000000000000001,0.0,0.0,2
2026-03-07 04:10:00,64.0,27.1,88.0,0.4303572679621266,0.8660254037844386,0.5000000000000001,0.0,-1.0,2
2026-03-07 04:30:00,63.0,27.8,88.0,0.44833619289086446,0.8660254037844386,0.5000000000000001,-1.0,-1.0,2
2026-03-07 04:40:00,64.0,27.2,88.0,0.4328865963030615,0.8660254037844386,0.5000000000000001,1.0,0.0,2
2026-03-07 05:00:00,64.0,27.9,89.0,0.41337748219614134,0.9659258262890683,0.25881904510252074,0.0,0.0,2
2026-03-07 05:20:00,64.0,27.5,88.0,0.44055242511500436,0.9659258262890683,0.25881904510252074,0.0,1.0,2
2026-03-07 05:30:00,65.0,27.2,91.0,0.324664947227296,0.9659258262890683,0.25881904510252074,1.0,1.0,2
2026-03-07 05:50:00,64.0,27.1,90.0,0.3586310566351054,0.9659258262890683,0.25881904510252074,-1.0,0.0,2
2026-03-07 06:00:00,80.0,27.5,90.0,0.36712702092916993,1.0,6.123233995736766e-17,16.0,16.0,2
2026-03-07 06:20:00,79.0,27.1,90.0,0.3586310566351054,1.0,6.123233995736766e-17,-1.0,14.0,2
2026-03-07 06:30:00,64.0,27.6,90.0,0.3692781960292302,1.0,6.123233995736766e-17,-15.0,0.0,2
2026-03-07 06:50:00,64.0,27.5,90.0,0.36712702092916993,1.0,6.123233995736766e-17,0.0,-16.0,2
2026-03-07 07:00:00,64.0,27.6,90.0,0.3692781960292302,0.9659258262890683,-0.25881904510252063,0.0,-15.0,2
2026-03-07 07:20:00,79.0,27.4,90.0,0.3649867659983199,0.9659258262890683,-0.25881904510252063,15.0,15.0,2
2026-03-07 07:30:00,80.0,27.5,90.0,0.36712702092916993,0.9659258262890683,-0.25881904510252063,1.0,16.0,2
2026-03-07 07:50:00,64.0,27.9,90.0,0.37579771108740134,0.9659258262890683,-0.25881904510252063,-16.0,0.0,2
2026-03-07 08:00:00,63.0,27.7,90.0,0.3714403380936342,0.8660254037844387,-0.4999999999999998,-1.0,-16.0,2
2026-03-07 08:20:00,64.0,28.2,89.0,0.42065892198594534,0.8660254037844387,-0.4999999999999998,1.0,-16.0,2
2026-03-07 08:30:00,64.0,28.0,88.0,0.4535916436794314,0.8660254037844387,-0.4999999999999998,0.0,0.0,2
2026-03-07 08:50:00,63.0,28.5,87.0,0.5058793390540779,0.8660254037844387,-0.4999999999999998,-1.0,0.0,2
2026-03-07 09:00:00,78.0,28.2,86.0,0.5353840825275671,0.7071067811865476,-0.7071067811865475,15.0,14.0,2
2026-03-07 09:20:00,61.0,29.5,84.0,0.6596616751009892,0.7071067811865476,-0.7071067811865475,-17.0,-3.0,2
2026-03-07 09:30:00,60.0,29.5,82.0,0.7421193844886127,0.7071067811865476,-0.7071067811865475,-1.0,-3.0,2
2026-03-07 09:50:00,60.0,29.3,83.0,0.6928603649793672,0.7071067811865476,-0.7071067811865475,0.0,-18.0,2
2026-03-07 10:00:00,61.0,29.5,82.0,0.7421193844886127,0.49999999999999994,-0.8660254037844387,1.0,0.0,2
2026-03-07 10:20:00,76.0,29.9,79.0,0.8859455632713722,0.49999999999999994,-0.8660254037844387,15.0,16.0,2
2026-03-07 10:30:00,60.0,29.2,76.0,0.9725299505397724,0.49999999999999994,-0.8660254037844387,-16.0,0.0,2
2026-03-07 10:50:00,61.0,30.5,77.0,1.0042442437153376,0.49999999999999994,-0.8660254037844387,1.0,0.0,2
2026-03-07 11:00:00,61.0,30.8,76.0,1.066005863769791,0.258819045102521,-0.9659258262890682,0.0,-15.0,2
2026-03-07 11:20:00,60.0,30.6,76.0,1.0539100672120307,0.258819045102521,-0.9659258262890682,-1.0,0.0,2
2026-03-07 11:30:00,77.0,30.3,72.0,1.208655107203771,0.258819045102521,-0.9659258262890682,17.0,16.0,2
2026-03-07 11:50:00,60.0,30.3,72.0,1.208655107203771,0.258819045102521,-0.9659258262890682,-17.0,-1.0,2
2026-03-07 12:00:00,61.0,30.8,70.0,1.3325073297122385,1.2246467991473532e-16,-1.0,1.0,1.0,2
2026-03-07 12:20:00,59.0,30.7,74.0,1.1482715486648098,1.2246467991473532e-16,-1.0,-2.0,-18.0,2
2026-03-07 12:30:00,61.0,30.8,77.0,1.0215889527793829,1.2246467991473532e-16,-1.0,2.0,1.0,2
2026-03-07 12:50:00,76.0,30.0,77.0,0.9759049635145729,1.2246467991473532e-16,-1.0,15.0,15.0,2
2026-03-07 13:00:00,72.0,30.4,74.0,1.1287615657921841,-0.2588190451025208,-0.9659258262890683,-4.0,13.0,2
2026-03-07 13:20:00,59.0,30.5,71.0,1.266221002945426,-0.2588190451025208,-0.9659258262890683,-13.0,-2.0,2
2026-03-07 13:40:00,60.0,30.5,71.0,1.266221002945426,-0.2588190451025208,-0.9659258262890683,1.0,-16.0,2
2026-03-07 13:50:00,58.0,30.5,76.0,1.0479070369203525,-0.2588190451025208,-0.9659258262890683,-2.0,-14.0,2
2026-03-07 14:10:00,61.0,30.5,73.0,1.1788954165353966,-0.4999999999999997,-0.8660254037844388,3.0,2.0,2
2026-03-07 14:20:00,60.0,30.7,73.0,1.192435838998072,-0.4999999999999997,-0.8660254037844388,-1.0,0.0,2
2026-03-07 14:40:00,60.0,30.8,74.0,1.1548396857506065,-0.4999999999999997,-0.8660254037844388,0.0,2.0,2
2026-03-07 14:50:00,60.0,31.3,73.0,1.233871484780793,-0.4999999999999997,-0.8660254037844388,0.0,-1.0,2
2026-03-07 15:10:00,60.0,31.8,72.0,1.316364263636824,-0.7071067811865471,-0.7071067811865479,0.0,0.0,2
2026-03-07 15:20:00,59.0,31.7,74.0,1.215437646929388,-0.7071067811865471,-0.7071067811865479,-1.0,-1.0,2
2026-03-07 15:40:00,76.0,31.5,75.0,1.155517225756376,-0.7071067811865471,-0.7071067811865479,17.0,16.0,2
2026-03-07 15:50:00,75.0,31.2,74.0,1.1814398925278056,-0.7071067811865471,-0.7071067811865479,-1.0,15.0,2
2026-03-07 16:10:00,75.0,31.0,75.0,1.123148062779646,-0.8660254037844385,-0.5000000000000004,0.0,16.0,2
2026-03-07 16:20:00,60.0,31.2,74.0,1.1814398925278056,-0.8660254037844385,-0.5000000000000004,-15.0,-16.0,2
2026-03-07 16:40:00,58.0,31.2,73.0,1.2268798883942598,-0.8660254037844385,-0.5000000000000004,-2.0,-17.0,2
2026-03-07 16:50:00,58.0,31.4,74.0,1.1949385023283616,-0.8660254037844385,-0.5000000000000004,0.0,-17.0,2
2026-03-07 17:10:00,70.0,31.5,74.0,1.2017379147866314,-0.9659258262890683,-0.25881904510252063,12.0,10.0,2
2026-03-07 17:20:00,69.0,31.0,73.0,1.2129999078020175,-0.9659258262890683,-0.25881904510252063,-1.0,11.0,2
2026-03-07 17:40:00,70.0,31.7,73.0,1.2621852487343643,-0.9659258262890683,-0.25881904510252063,1.0,12.0,2
2026-03-07 17:50:00,70.0,31.8,73.0,1.269351254221223,-0.9659258262890683,-0.25881904510252063,0.0,0.0,2
2026-03-07 18:10:00,82.0,31.3,74.0,1.1881725409000228,-1.0,-1.8369701987210297e-16,12.0,13.0,2
2026-03-07 18:20:00,68.0,30.4,75.0,1.0853476594155618,-1.0,-1.8369701987210297e-16,-14.0,-2.0,2
2026-03-07 18:40:00,67.0,30.7,76.0,1.0599429679982864,-1.0,-1.8369701987210297e-16,-1.0,-3.0,2
2026-03-07 18:50:00,82.0,30.4,76.0,1.041933753038939,-1.0,-1.8369701987210297e-16,15.0,0.0,2
2026-03-07 19:10:00,67.0,29.8,78.0,0.9228191744018139,-0.9659258262890684,0.2588190451025203,-15.0,-1.0,2
2026-03-07 19:20:00,67.0,29.5,78.0,0.9070348032638598,-0.9659258262890684,0.2588190451025203,0.0,0.0,2
2026-03-07 19:40:00,66.0,29.0,78.0,0.8812490720189023,-0.9659258262890684,0.2588190451025203,-1.0,-16.0,2
2026-03-07 19:50:00,68.0,29.6,78.0,0.9122699630264117,-0.9659258262890684,0.2588190451025203,2.0,1.0,2
2026-03-07 20:10:00,68.0,29.5,78.0,0.9070348032638598,-0.8660254037844386,0.5000000000000001,0.0,1.0,2
2026-03-07 20:20:00,66.0,29.5,78.0,0.9070348032638598,-0.8660254037844386,0.5000000000000001,-2.0,0.0,2
2026-03-07 20:40:00,81.0,29.8,78.0,0.9228191744018139,-0.8660254037844386,0.5000000000000001,15.0,13.0,2
2026-03-07 20:50:00,65.0,29.7,78.0,0.9175313832629124,-0.8660254037844386,0.5000000000000001,-16.0,-3.0,2
2026-03-07 21:10:00,64.0,29.7,78.0,0.9175313832629124,-0.7071067811865477,0.7071067811865474,-1.0,-2.0,2
2026-03-07 21:20:00,65.0,29.4,79.0,0.8608337123696792,-0.7071067811865477,0.7071067811865474,1.0,-16.0,2
2026-03-07 21:40:00,64.0,29.9,79.0,0.8859455632713722,-0.7071067811865477,0.7071067811865474,-1.0,-1.0,2
2026-03-07 22:00:00,64.0,29.3,79.0,0.8558863332098063,-0.5000000000000004,0.8660254037844384,0.0,0.0,2
2026-03-07 22:10:00,63.0,29.1,79.0,0.8460657288844224,-0.5000000000000004,0.8660254037844384,-1.0,-2.0,2
2026-03-07 22:30:00,63.0,29.0,78.0,0.8812490720189023,-0.5000000000000004,0.8660254037844384,0.0,-1.0,2
2026-03-07 22:40:00,77.0,29.0,76.0,0.9613626240206208,-0.5000000000000004,0.8660254037844384,14.0,13.0,2
2026-03-07 23:00:00,78.0,29.8,75.0,1.0486581527293337,-0.25881904510252157,0.9659258262890681,1.0,15.0,2
2026-03-07 23:10:00,63.0,29.3,75.0,1.018912301440246,-0.25881904510252157,0.9659258262890681,-15.0,0.0,2
2026-03-07 23:30:00,64.0,29.2,75.0,1.013052031812263,-0.25881904510252157,0.9659258262890681,1.0,-13.0,2
2026-03-07 23:40:00,63.0,29.3,75.0,1.018912301440246,-0.25881904510252157,0.9659258262890681,-1.0,-15.0,2
2026-03-08 00:00:00,63.0,29.0,76.0,0.9613626240206208,0.0,1.0,0.0,0.0,2
2026-03-08 00:10:00,62.0,29.5,76.0,0.9894925126514833,0.0,1.0,-1.0,-2.0,2
2026-03-08 00:30:00,63.0,29.1,76.0,0.9669322615821971,0.0,1.0,1.0,0.0,2
2026-03-08 00:40:00,78.0,29.9,76.0,1.0125092151672823,0.0,1.0,15.0,15.0,2
2026-03-08 01:00:00,63.0,28.1,77.0,0.8744588901171784,0.25881904510252074,0.9659258262890683,-15.0,1.0,2
2026-03-08 01:10:00,78.0,29.1,77.0,0.9266434173496054,0.25881904510252074,0.9659258262890683,15.0,15.0,2
2026-03-08 01:30:00,63.0,28.6,77.0,0.900222138696364,0.25881904510252074,0.9659258262890683,-15.0,-15.0,2
2026-03-08 01:40:00,78.0,28.6,78.0,0.8610820457095656,0.25881904510252074,0.9659258262890683,15.0,15.0,2
2026-03-08 02:00:00,79.0,28.6,79.0,0.8219419527227672,0.49999999999999994,0.8660254037844387,1.0,1.0,2
2026-03-08 02:10:00,62.0,28.1,82.0,0.6843591313960529,0.49999999999999994,0.8660254037844387,-17.0,-1.0,2
2026-03-08 02:30:00,63.0,28.9,83.0,0.6770398181624171,0.49999999999999994,0.8660254037844387,1.0,-15.0,2
2026-03-08 02:40:00,61.0,28.6,83.0,0.6653815807755734,0.49999999999999994,0.8660254037844387,-2.0,-18.0,2
2026-03-08 03:00:00,62.0,28.8,83.0,0.6731341470236258,0.7071067811865476,0.7071067811865476,1.0,0.0,2
2026-03-08 03:10:00,63.0,27.2,84.0,0.5771821284040821,0.7071067811865476,0.7071067811865476,1.0,0.0,2
2026-03-08 03:30:00,62.0,28.7,84.0,0.629880560471956,0.7071067811865476,0.7071067811865476,-1.0,1.0,2
2026-03-08 03:40:00,77.0,28.1,84.0,0.6083192279076024,0.7071067811865476,0.7071067811865476,15.0,15.0,2
2026-03-08 04:00:00,62.0,28.2,84.0,0.6118675228886481,0.8660254037844386,0.5000000000000001,-15.0,-1.0,2
2026-03-08 04:10:00,63.0,28.1,84.0,0.6083192279076024,0.8660254037844386,0.5000000000000001,1.0,1.0,2
2026-03-08 04:30:00,63.0,28.3,84.0,0.6154338195821678,0.8660254037844386,0.5000000000000001,0.0,-14.0,2
2026-03-08 04:40:00,63.0,28.9,84.0,0.6372139465058044,0.8660254037844386,0.5000000000000001,0.0,1.0,2
2026-03-08 05:00:00,63.0,27.7,85.0,0.5571605071404515,0.9659258262890683,0.25881904510252074,0.0,0.0,2
2026-03-08 05:10:00,78.0,28.6,85.0,0.5871013948019765,0.9659258262890683,0.25881904510252074,15.0,15.0,2
2026-03-08 05:30:00,79.0,28.1,84.0,0.6083192279076024,0.9659258262890683,0.25881904510252074,1.0,16.0,2
2026-03-08 05:40:00,78.0,27.0,84.0,0.5704544281297355,0.9659258262890683,0.25881904510252074,-1.0,15.0,2
2026-03-08 06:00:00,63.0,27.0,85.0,0.534801026371627,1.0,6.123233995736766e-17,-15.0,-15.0,2
2026-03-08 06:10:00,63.0,27.5,85.0,0.5506905313937556,1.0,6.123233995736766e-17,0.0,-16.0,2
2026-03-08 06:30:00,63.0,27.2,85.0,0.541108245378827,1.0,6.123233995736766e-17,0.0,-15.0,2
2026-03-08 06:50:00,78.0,27.9,85.0,0.5636965666311018,1.0,6.123233995736766e-17,15.0,15.0,2
2026-03-08 07:00:00,78.0,28.1,86.0,0.5322793244191519,0.9659258262890683,-0.25881904510252063,0.0,15.0,2
2026-03-08 07:20:00,62.0,28.8,84.0,0.633538020728118,0.9659258262890683,-0.25881904510252063,-16.0,-1.0,2
2026-03-08 07:30:00,61.0,28.1,82.0,0.6843591313960529,0.9659258262890683,-0.25881904510252063,-1.0,-17.0,2
2026-03-08 07:50:00,61.0,28.3,80.0,0.7692922744777095,0.9659258262890683,-0.25881904510252063,0.0,-17.0,2
2026-03-08 08:00:00,76.0,28.2,82.0,0.6883509632497291,0.8660254037844387,-0.4999999999999998,15.0,14.0,2
2026-03-08 08:20:00,61.0,28.3,81.0,0.7308276607538238,0.8660254037844387,-0.4999999999999998,-15.0,0.0,2
2026-03-08 08:30:00,77.0,28.6,81.0,0.7436617667491703,0.8660254037844387,-0.4999999999999998,16.0,16.0,2
2026-03-08 08:50:00,60.0,29.2,81.0,0.7699195441773194,0.8660254037844387,-0.4999999999999998,-17.0,-16.0,2
2026-03-08 09:00:00,75.0,29.5,80.0,0.8245770938762362,0.7071067811865476,-0.7071067811865475,15.0,14.0,2
2026-03-08 09:20:00,76.0,29.1,78.0,0.8863545731170137,0.7071067811865476,-0.7071067811865475,1.0,-1.0,2
2026-03-08 09:30:00,76.0,29.4,79.0,0.8608337123696792,0.7071067811865476,-0.7071067811865475,0.0,16.0,2
2026-03-08 09:50:00,76.0,29.7,79.0,0.8758254112964163,0.7071067811865476,-0.7071067811865475,0.0,1.0,2
2026-03-08 10:00:00,60.0,29.8,79.0,0.8808728482926402,0.49999999999999994,-0.8660254037844387,-16.0,-16.0,2
2026-03-08 10:20:00,57.0,29.7,77.0,0.9592373552294085,0.49999999999999994,-0.8660254037844387,-3.0,-19.0,2
2026-03-08 10:30:00,57.0,29.7,75.0,1.0426492991624006,0.49999999999999994,-0.8660254037844387,0.0,-19.0,2
2026-03-08 10:50:00,58.0,30.4,74.0,1.1287615657921841,0.49999999999999994,-0.8660254037844387,1.0,-2.0,2
2026-03-08 11:00:00,55.0,30.6,74.0,1.141735906146367,0.258819045102521,-0.9659258262890682,-3.0,-2.0,2
2026-03-08 11:20:00,72.0,30.3,75.0,1.079156345717653,0.258819045102521,-0.9659258262890682,17.0,15.0,2
2026-03-08 11:30:00,73.0,30.0,71.0,1.2304888670401142,0.258819045102521,-0.9659258262890682,1.0,15.0,2
2026-03-08 11:50:00,57.0,30.5,70.0,1.3098837961504408,0.258819045102521,-0.9659258262890682,-16.0,2.0,2
2026-03-08 12:00:00,57.0,31.9,69.0,1.4656714751159439,1.2246467991473532e-16,-1.0,0.0,-15.0,2
2026-03-08 12:20:00,57.0,31.2,68.0,1.4540798677265294,1.2246467991473532e-16,-1.0,0.0,-16.0,2
2026-03-08 12:30:00,73.0,31.2,67.0,1.4995198635929836,1.2246467991473532e-16,-1.0,16.0,16.0,2
2026-03-08 12:50:00,58.0,31.3,66.0,1.5537640919461837,1.2246467991473532e-16,-1.0,-15.0,1.0,2
2026-03-08 13:00:00,57.0,31.9,67.0,1.5602309251234234,-0.2588190451025208,-0.9659258262890683,-1.0,0.0,2
2026-03-08 13:20:00,58.0,31.9,67.0,1.5602309251234234,-0.2588190451025208,-0.9659258262890683,1.0,-15.0,2
2026-03-08 13:30:00,57.0,31.8,63.0,1.7394813483772316,-0.2588190451025208,-0.9659258262890683,-1.0,-1.0,2
2026-03-08 13:50:00,58.0,31.4,65.0,1.6085710608266401,-0.2588190451025208,-0.9659258262890683,1.0,1.0,2
2026-03-08 14:00:00,74.0,31.9,62.0,1.796629550142124,-0.4999999999999997,-0.8660254037844388,16.0,16.0,2
2026-03-08 14:20:00,57.0,31.8,61.0,1.833507367208433,-0.4999999999999997,-0.8660254037844388,-17.0,0.0,2
2026-03-08 14:30:00,57.0,31.6,59.0,1.905823368637075,-0.4999999999999997,-0.8660254037844388,0.0,-1.0,2
2026-03-08 14:50:00,58.0,32.1,61.0,1.86486696641232,-0.4999999999999997,-0.8660254037844388,1.0,-16.0,2
2026-03-08 15:10:00,58.0,32.7,61.0,1.9289863224145627,-0.7071067811865471,-0.7071067811865479,0.0,1.0,2
2026-03-08 15:20:00,73.0,32.6,60.0,1.9673525088705044,-0.7071067811865471,-0.7071067811865479,15.0,16.0,2
2026-03-08 15:40:00,56.0,31.2,61.0,1.7721598387917084,-0.7071067811865471,-0.7071067811865479,-17.0,-2.0,2
2026-03-08 15:50:00,56.0,31.0,62.0,1.7071850554250614,-0.7071067811865471,-0.7071067811865479,0.0,-2.0,2
2026-03-08 16:10:00,56.0,31.7,61.0,1.823156470394082,-0.8660254037844385,-0.5000000000000004,0.0,-17.0,2
2026-03-08 16:20:00,56.0,32.9,59.0,2.0508206072556945,-0.8660254037844385,-0.5000000000000004,0.0,0.0,2
2026-03-08 16:40:00,74.0,31.5,61.0,1.8026068721799469,-0.8660254037844385,-0.5000000000000004,18.0,18.0,2
2026-03-08 16:50:00,76.0,31.4,63.0,1.700489407159591,-0.8660254037844385,-0.5000000000000004,2.0,20.0,2
2026-03-08 17:10:00,72.0,31.3,62.0,1.7365598674692642,-0.9659258262890683,-0.25881904510252063,-4.0,16.0,2
2026-03-08 17:20:00,70.0,31.1,65.0,1.5813813341912955,-0.9659258262890683,-0.25881904510252063,-2.0,-4.0,2
2026-03-08 17:40:00,70.0,31.7,63.0,1.7296612667841287,-0.9659258262890683,-0.25881904510252063,0.0,-6.0,2
2026-03-08 17:50:00,84.0,31.2,64.0,1.6358398511923458,-0.9659258262890683,-0.25881904510252063,14.0,12.0,2
2026-03-08 18:10:00,71.0,31.0,66.0,1.5274813653803179,-1.0,-1.8369701987210297e-16,-13.0,1.0,2
2026-03-08 18:20:00,70.0,30.1,68.0,1.3655881934530418,-1.0,-1.8369701987210297e-16,-1.0,0.0,2
2026-03-08 18:40:00,65.0,30.8,72.0,1.2436735077314225,-1.0,-1.8369701987210297e-16,-5.0,-19.0,2
2026-03-08 18:50:00,64.0,30.9,73.0,1.2061112393525422,-1.0,-1.8369701987210297e-16,-1.0,-7.0,2
2026-03-08 19:10:00,64.0,30.0,72.0,1.1880582164525237,-0.9659258262890684,0.2588190451025203,0.0,-6.0,2
2026-03-08 19:20:00,80.0,30.1,74.0,1.1095404071805968,-0.9659258262890684,0.2588190451025203,16.0,15.0,2
2026-03-08 19:40:00,64.0,30.9,77.0,1.0274280927817951,-0.9659258262890684,0.2588190451025203,-16.0,0.0,2
2026-03-08 19:50:00,80.0,30.5,77.0,1.0042442437153376,-0.9659258262890684,0.2588190451025203,16.0,16.0,2
2026-03-08 20:10:00,80.0,30.8,74.0,1.1548396857506065,-0.8660254037844386,0.5000000000000001,0.0,0.0,2
2026-03-08 20:20:00,65.0,30.4,68.0,1.3892450040519186,-0.8660254037844386,0.5000000000000001,-15.0,1.0,2
2026-03-08 20:40:00,63.0,29.6,72.0,1.1610708620336156,-0.8660254037844386,0.5000000000000001,-2.0,-17.0,2
2026-03-08 20:50:00,64.0,29.2,73.0,1.094096194357244,-0.8660254037844386,0.5000000000000001,1.0,-16.0,2
2026-03-08 21:10:00,64.0,29.0,74.0,1.0414761760223397,-0.7071067811865477,0.7071067811865474,0.0,-1.0,2
2026-03-08 21:20:00,64.0,29.3,74.0,1.0596687934978557,-0.7071067811865477,0.7071067811865474,0.0,1.0,2
2026-03-08 21:40:00,64.0,29.1,75.0,1.0072211058147884,-0.7071067811865477,0.7071067811865474,0.0,0.0,2
2026-03-08 21:50:00,62.0,29.1,75.0,1.0072211058147884,-0.7071067811865477,0.7071067811865474,-2.0,-2.0,2
2026-03-08 22:10:00,63.0,29.4,75.0,1.0248020385353325,-0.5000000000000004,0.8660254037844384,1.0,-1.0,2
2026-03-08 22:20:00,62.0,29.2,77.0,0.9320078692672817,-0.5000000000000004,0.8660254037844384,-1.0,-2.0,2
2026-03-08 22:40:00,62.0,29.3,76.0,0.9781558093826361,-0.5000000000000004,0.8660254037844384,0.0,0.0,2
2026-03-08 22:50:00,76.0,28.8,78.0,0.8711147785011621,-0.5000000000000004,0.8660254037844384,14.0,13.0,2
2026-03-08 23:10:00,61.0,28.0,78.0,0.8315846800789579,-0.25881904510252157,0.9659258262890681,-15.0,-1.0,2
2026-03-08 23:30:00,61.0,28.6,79.0,0.8219419527227672,-0.25881904510252157,0.9659258262890681,0.0,-1.0,2
2026-03-08 23:40:00,60.0,28.3,78.0,0.8462215019254806,-0.25881904510252157,0.9659258262890681,-1.0,-16.0,2
2026-03-09 00:00:00,61.0,28.8,79.0,0.8315186522056548,0.0,1.0,1.0,0.0,2
2026-03-09 00:10:00,60.0,28.1,79.0,0.7984189866287279,0.0,1.0,-1.0,-1.0,2
2026-03-09 00:30:00,76.0,28.0,80.0,0.7559860727990526,0.0,1.0,16.0,16.0,2
2026-03-09 00:40:00,59.0,28.7,81.0,0.7479831655604472,0.0,1.0,-17.0,-2.0,2
2026-03-09 01:00:00,60.0,28.9,79.0,0.8363433047888678,0.25881904510252074,0.9659258262890683,1.0,0.0,2
2026-03-09 01:10:00,59.0,28.2,81.0,0.7265926834302694,0.25881904510252074,0.9659258262890683,-1.0,-17.0,2
2026-03-09 01:30:00,58.0,28.1,81.0,0.7223790831402774,0.25881904510252074,0.9659258262890683,-1.0,-1.0,2
2026-03-09 01:40:00,58.0,28.7,82.0,0.7086156305309506,0.25881904510252074,0.9659258262890683,0.0,-2.0,2
2026-03-09 02:00:00,73.0,28.2,82.0,0.6883509632497291,0.49999999999999994,0.8660254037844387,15.0,14.0,2
2026-03-09 02:10:00,73.0,28.2,83.0,0.6501092430691888,0.49999999999999994,0.8660254037844387,0.0,15.0,2
2026-03-09 02:30:00,58.0,28.9,83.0,0.6770398181624171,0.49999999999999994,0.8660254037844387,-15.0,0.0,2
2026-03-09 02:40:00,59.0,28.6,83.0,0.6653815807755734,0.49999999999999994,0.8660254037844387,1.0,-14.0,2
2026-03-09 03:00:00,58.0,28.0,81.0,0.7181867691590997,0.7071067811865476,0.7071067811865476,-1.0,-15.0,2
2026-03-09 03:10:00,74.0,28.3,81.0,0.7308276607538238,0.7071067811865476,0.7071067811865476,16.0,16.0,2
2026-03-09 03:30:00,75.0,28.8,80.0,0.7919225259101474,0.7071067811865476,0.7071067811865476,1.0,16.0,2
2026-03-09 03:40:00,74.0,28.9,82.0,0.7168656898190298,0.7071067811865476,0.7071067811865476,-1.0,16.0,2
2026-03-09 04:00:00,58.0,28.1,83.0,0.6463391796518279,0.8660254037844386,0.5000000000000001,-16.0,-16.0,2
2026-03-09 04:10:00,75.0,28.2,83.0,0.6501092430691888,0.8660254037844386,0.5000000000000001,17.0,0.0,2
2026-03-09 04:30:00,59.0,28.8,82.0,0.7127302733191332,0.8660254037844386,0.5000000000000001,-16.0,-15.0,2
2026-03-09 04:40:00,58.0,28.6,83.0,0.6653815807755734,0.8660254037844386,0.5000000000000001,-1.0,0.0,2
2026-03-09 05:00:00,57.0,28.9,82.0,0.7168656898190298,0.9659258262890683,0.25881904510252074,-1.0,-18.0,2
2026-03-09 05:10:00,58.0,28.3,82.0,0.6923630470299389,0.9659258262890683,0.25881904510252074,1.0,-1.0,2
2026-03-09 05:30:00,58.0,27.2,83.0,0.6132560114293373,0.9659258262890683,0.25881904510252074,0.0,0.0,2
2026-03-09 05:40:00,58.0,27.2,82.0,0.6493298944545924,0.9659258262890683,0.25881904510252074,0.0,1.0,2
2026-03-09 06:00:00,74.0,27.7,82.0,0.6685926085685416,1.0,6.123233995736766e-17,16.0,16.0,2
2026-03-09 06:10:00,74.0,27.0,82.0,0.6417612316459524,1.0,6.123233995736766e-17,0.0,16.0,2
2026-03-09 06:30:00,61.0,27.9,82.0,0.6764358799573222,1.0,6.123233995736766e-17,-13.0,3.0,2
2026-03-09 06:40:00,61.0,27.3,86.0,0.5080003384391412,1.0,6.123233995736766e-17,0.0,-13.0,2
2026-03-09 07:00:00,61.0,27.8,84.0,0.5977815905211532,0.9659258262890683,-0.25881904510252063,0.0,-13.0,2
2026-03-09 07:10:00,74.0,27.2,85.0,0.541108245378827,0.9659258262890683,-0.25881904510252063,13.0,13.0,2
2026-03-09 07:30:00,61.0,28.8,86.0,0.5543457681371033,0.9659258262890683,-0.25881904510252063,-13.0,0.0,2
2026-03-09 07:50:00,61.0,28.4,84.0,0.6190181946446032,0.9659258262890683,-0.25881904510252063,0.0,0.0,2
2026-03-09 08:00:00,60.0,28.4,86.0,0.5416409203140278,0.8660254037844387,-0.4999999999999998,-1.0,-14.0,2
2026-03-09 08:20:00,59.0,28.4,83.0,0.6577068318098909,0.8660254037844387,-0.4999999999999998,-1.0,-2.0,2
2026-03-09 08:30:00,59.0,29.2,82.0,0.7293974629048297,0.8660254037844387,-0.4999999999999998,0.0,-2.0,2
2026-03-09 08:50:00,72.0,28.8,82.0,0.7127302733191332,0.8660254037844387,-0.4999999999999998,13.0,12.0,2
2026-03-09 09:00:00,59.0,29.4,81.0,0.7788495492868526,0.7071067811865476,-0.7071067811865475,-13.0,0.0,2
2026-03-09 09:20:00,58.0,29.1,81.0,0.765488040419239,0.7071067811865476,-0.7071067811865475,-1.0,-1.0,2
2026-03-09 09:30:00,58.0,29.0,82.0,0.7210219680154659,0.7071067811865476,-0.7071067811865475,0.0,-14.0,2
2026-03-09 09:50:00,72.0,29.4,79.0,0.8608337123696792,0.7071067811865476,-0.7071067811865475,14.0,13.0,2
2026-03-09 10:00:00,72.0,30.4,77.0,0.9985198466623166,0.49999999999999994,-0.8660254037844387,0.0,14.0,2
2026-03-09 10:20:00,57.0,30.0,76.0,1.0183356141021633,0.49999999999999994,-0.8660254037844387,-15.0,-1.0,2
2026-03-09 10:30:00,100.0,30.3,74.0,1.1223225995463588,0.49999999999999994,-0.8660254037844387,43.0,28.0,2
2026-03-09 14:40:00,100.0,35.2,58.0,2.3877561931089613,-0.4999999999999997,-0.8660254037844388,0.0,28.0,2
2026-03-09 14:50:00,100.0,34.7,57.0,2.3779507253551846,-0.4999999999999997,-0.8660254037844388,0.0,43.0,2
2026-03-09 15:10:00,100.0,33.0,63.0,1.8611546843745348,-0.7071067811865471,-0.7071067811865479,0.0,0.0,2
2026-03-09 15:20:00,100.0,33.0,68.0,1.609647294594192,-0.7071067811865471,-0.7071067811865479,0.0,0.0,2
2026-03-09 15:40:00,100.0,33.3,70.0,1.5346239886157962,-0.7071067811865471,-0.7071067811865479,0.0,0.0,2
2026-03-09 15:50:00,100.0,32.0,69.0,1.4739803728411625,-0.7071067811865471,-0.7071067811865479,0.0,0.0,2
2026-03-09 16:10:00,100.0,33.9,66.0,1.7985029654355529,-0.8660254037844385,-0.5000000000000004,0.0,0.0,2
2026-03-09 16:20:00,100.0,32.9,74.0,1.3005203850889768,-0.8660254037844385,-0.5000000000000004,0.0,0.0,2
2026-03-09 16:40:00,100.0,31.7,69.0,1.4491756559542703,-0.8660254037844385,-0.5000000000000004,0.0,0.0,2
2026-03-09 16:50:00,100.0,31.7,72.0,1.3089328505393407,-0.8660254037844385,-0.5000000000000004,0.0,0.0,2
2026-03-09 17:10:00,100.0,31.8,73.0,1.269351254221223,-0.9659258262890683,-0.25881904510252063,0.0,0.0,2
2026-03-09 17:20:00,100.0,30.3,76.0,1.0359900918889466,-0.9659258262890683,-0.25881904510252063,0.0,0.0,2
2026-03-09 17:40:00,100.0,30.7,79.0,0.9274500969985002,-0.9659258262890683,-0.25881904510252063,0.0,0.0,2
2026-03-09 17:50:00,100.0,29.6,79.0,0.8708031465252115,-0.9659258262890683,-0.25881904510252063,0.0,0.0,2
2026-03-09 18:10:00,100.0,29.1,86.0,0.5640438192562818,-1.0,-1.8369701987210297e-16,0.0,0.0,2
2026-03-09 18:20:00,100.0,29.3,87.0,0.5298343967489281,-1.0,-1.8369701987210297e-16,0.0,0.0,2
2026-03-09 18:30:00,95.0,29.2,84.0,0.6483533003598483,-1.0,-1.8369701987210297e-16,-5.0,-5.0,2
2026-03-09 18:50:00,90.0,29.5,84.0,0.6596616751009892,-1.0,-1.8369701987210297e-16,-5.0,-10.0,2
2026-03-09 19:00:00,89.0,28.5,87.0,0.5058793390540779,-0.9659258262890684,0.2588190451025203,-1.0,-11.0,2
2026-03-09 19:20:00,90.0,28.6,85.0,0.5871013948019765,-0.9659258262890684,0.2588190451025203,1.0,-5.0,2
2026-03-09 19:30:00,90.0,28.1,84.0,0.6083192279076024,-0.9659258262890684,0.2588190451025203,0.0,0.0,2
2026-03-09 19:50:00,91.0,28.8,83.0,0.6731341470236258,-0.9659258262890684,0.2588190451025203,1.0,2.0,2
2026-03-09 20:00:00,92.0,27.7,86.0,0.5200164733310881,-0.8660254037844386,0.5000000000000001,1.0,2.0,2
2026-03-09 20:20:00,92.0,27.4,87.0,0.4744827957978157,-0.8660254037844386,0.5000000000000001,0.0,2.0,2
2026-03-09 20:30:00,92.0,27.8,89.0,0.4109748434832925,-0.8660254037844386,0.5000000000000001,0.0,1.0,2
2026-03-09 20:50:00,92.0,27.5,89.0,0.40383972302208715,-0.8660254037844386,0.5000000000000001,0.0,0.0,2
2026-03-09 21:00:00,91.0,27.4,88.0,0.43798411919798363,-0.7071067811865477,0.7071067811865474,-1.0,-1.0,2
2026-03-09 21:20:00,92.0,27.7,84.0,0.5943045409498149,-0.7071067811865477,0.7071067811865474,1.0,0.0,2
2026-03-10 14:20:00,42.0,32.3,63.0,1.789311684526294,-0.4999999999999997,-0.8660254037844388,-50.0,-50.0,2
2026-03-10 14:40:00,20.0,32.6,64.0,1.7706172579834538,-0.4999999999999997,-0.8660254037844388,-22.0,-71.0,2
2026-03-10 14:50:00,20.0,32.8,65.0,1.7408971976740584,-0.4999999999999997,-0.8660254037844388,0.0,-72.0,2
2026-03-10 15:10:00,20.0,32.0,62.0,1.806814650579489,-0.7071067811865471,-0.7071067811865479,0.0,-22.0,2
2026-03-10 15:20:00,22.0,32.1,62.0,1.81704986470944,-0.7071067811865471,-0.7071067811865479,2.0,2.0,2
2026-03-10 15:40:00,45.0,32.6,66.0,1.6722496325399288,-0.7071067811865471,-0.7071067811865479,23.0,25.0,2
2026-03-10 15:50:00,47.0,32.9,65.0,1.750700518389007,-0.7071067811865471,-0.7071067811865479,2.0,27.0,2
2026-03-10 16:10:00,22.0,31.7,66.0,1.589418461369199,-0.8660254037844385,-0.5000000000000004,-25.0,0.0,2
2026-03-10 16:20:00,21.0,32.5,65.0,1.711772625588238,-0.8660254037844385,-0.5000000000000004,-1.0,-24.0,2
2026-03-10 16:40:00,21.0,32.1,66.0,1.62578145789792,-0.8660254037844385,-0.5000000000000004,0.0,-26.0,2
2026-03-10 16:50:00,45.0,32.5,66.0,1.662864836285717,-0.8660254037844385,-0.5000000000000004,24.0,23.0,2
2026-03-10 17:10:00,25.0,31.3,70.0,1.3709683164231037,-0.9659258262890683,-0.25881904510252063,-20.0,4.0,2
2026-03-10 17:20:00,23.0,31.9,68.0,1.5129512001196832,-0.9659258262890683,-0.25881904510252063,-2.0,2.0,2
2026-03-10 17:40:00,26.0,31.0,69.0,1.392703597846761,-0.9659258262890683,-0.25881904510252063,3.0,-19.0,2
2026-03-10 17:50:00,26.0,31.0,70.0,1.3477776753355752,-0.9659258262890683,-0.25881904510252063,0.0,1.0,2
2026-03-10 18:10:00,25.0,31.2,72.0,1.2723198842607135,-1.0,-1.8369701987210297e-16,-1.0,2.0,2
2026-03-10 18:20:00,30.0,31.4,72.0,1.2868568486613126,-1.0,-1.8369701987210297e-16,5.0,4.0,2
2026-03-10 18:40:00,28.0,30.6,73.0,1.185648825613535,-1.0,-1.8369701987210297e-16,-2.0,2.0,2
2026-03-10 18:50:00,28.0,30.1,74.0,1.1095404071805968,-1.0,-1.8369701987210297e-16,0.0,3.0,2
2026-03-10 19:10:00,29.0,30.7,74.0,1.1482715486648098,-0.9659258262890684,0.2588190451025203,1.0,-1.0,2
2026-03-10 19:20:00,29.0,29.6,76.0,0.995203596028813,-0.9659258262890684,0.2588190451025203,0.0,1.0,2
2026-03-10 19:40:00,29.0,29.0,77.0,0.9213058480197618,-0.9659258262890684,0.2588190451025203,0.0,1.0,2
2026-03-10 19:50:00,52.0,29.9,78.0,0.9281334472366756,-0.9659258262890684,0.2588190451025203,23.0,23.0,2
2026-03-10 20:10:00,52.0,29.7,79.0,0.8758254112964163,-0.8660254037844386,0.5000000000000001,0.0,23.0,2
2026-03-10 20:20:00,29.0,29.9,81.0,0.801569795340765,-0.8660254037844386,0.5000000000000001,-23.0,0.0,2
2026-03-10 20:40:00,29.0,29.2,81.0,0.7699195441773194,-0.8660254037844386,0.5000000000000001,0.0,-23.0,2
2026-03-10 21:00:00,29.0,29.4,82.0,0.7378574677454397,-0.7071067811865477,0.7071067811865474,0.0,-23.0,2
2026-03-10 21:10:00,29.0,29.4,82.0,0.7378574677454397,-0.7071067811865477,0.7071067811865474,0.0,0.0,2
2026-03-10 21:30:00,51.0,29.0,82.0,0.7210219680154659,-0.7071067811865477,0.7071067811865474,22.0,22.0,2
2026-03-10 21:40:00,50.0,29.8,82.0,0.7550338699651205,-0.7071067811865477,0.7071067811865474,-1.0,21.0,2
2026-03-10 22:00:00,29.0,29.9,81.0,0.801569795340765,-0.5000000000000004,0.8660254037844384,-21.0,0.0,2
2026-03-10 22:10:00,50.0,29.2,81.0,0.7699195441773194,-0.5000000000000004,0.8660254037844384,21.0,-1.0,2
2026-03-10 22:30:00,26.0,29.6,80.0,0.8293363300240109,-0.5000000000000004,0.8660254037844384,-24.0,-24.0,2
2026-03-10 22:40:00,25.0,29.8,78.0,0.9228191744018139,-0.5000000000000004,0.8660254037844384,-1.0,-4.0,2
2026-03-10 23:00:00,25.0,29.5,78.0,0.9070348032638598,-0.25881904510252157,0.9659258262890681,0.0,-25.0,2
2026-03-10 23:10:00,27.0,29.0,78.0,0.8812490720189023,-0.25881904510252157,0.9659258262890681,2.0,1.0,2
2026-03-10 23:30:00,25.0,29.4,77.0,0.9428178754525058,-0.25881904510252157,0.9659258262890681,-2.0,0.0,2
2026-03-10 23:40:00,50.0,29.0,78.0,0.8812490720189023,-0.25881904510252157,0.9659258262890681,25.0,25.0,2
2026-03-11 00:00:00,26.0,29.5,78.0,0.9070348032638598,0.0,1.0,-24.0,-1.0,2
2026-03-11 00:30:00,28.0,29.7,79.0,0.8758254112964163,0.0,1.0,2.0,3.0,2
2026-03-11 00:40:00,50.0,29.7,79.0,0.8758254112964163,0.0,1.0,22.0,0.0,2
2026-03-11 01:00:00,50.0,29.6,79.0,0.8708031465252115,0.25881904510252074,0.9659258262890683,0.0,24.0,2
2026-03-11 01:10:00,47.0,29.4,79.0,0.8608337123696792,0.25881904510252074,0.9659258262890683,-3.0,19.0,2
2026-03-11 01:30:00,26.0,28.4,80.0,0.7737727433057535,0.25881904510252074,0.9659258262890683,-21.0,-24.0,2
2026-03-11 01:40:00,27.0,28.0,80.0,0.7559860727990526,0.25881904510252074,0.9659258262890683,1.0,-23.0,2
2026-03-11 02:00:00,50.0,28.1,82.0,0.6843591313960529,0.49999999999999994,0.8660254037844387,23.0,3.0,2
2026-03-11 02:10:00,48.0,28.9,83.0,0.6770398181624171,0.49999999999999994,0.8660254037844387,-2.0,22.0,2
2026-03-11 02:30:00,26.0,28.0,82.0,0.6803874655191477,0.49999999999999994,0.8660254037844387,-22.0,-1.0,2
2026-03-11 02:40:00,51.0,28.1,81.0,0.7223790831402774,0.49999999999999994,0.8660254037844387,25.0,1.0,2
2026-03-11 03:00:00,26.0,28.4,83.0,0.6577068318098909,0.7071067811865476,0.7071067811865476,-25.0,-22.0,2
2026-03-11 03:10:00,26.0,28.4,81.0,0.7350841061404658,0.7071067811865476,0.7071067811865476,0.0,0.0,2
2026-03-11 03:30:00,26.0,28.0,82.0,0.6803874655191477,0.7071067811865476,0.7071067811865476,0.0,-25.0,2
2026-03-11 03:40:00,24.0,28.6,81.0,0.7436617667491703,0.7071067811865476,0.7071067811865476,-2.0,-2.0,2
2026-03-11 04:00:00,26.0,28.5,82.0,0.7004483156133392,0.8660254037844386,0.5000000000000001,2.0,0.0,2
2026-03-11 04:10:00,27.0,28.4,83.0,0.6577068318098909,0.8660254037844386,0.5000000000000001,1.0,1.0,2
2026-03-11 04:30:00,27.0,28.2,83.0,0.6501092430691888,0.8660254037844386,0.5000000000000001,0.0,3.0,2
2026-03-11 04:40:00,26.0,28.8,84.0,0.633538020728118,0.8660254037844386,0.5000000000000001,-1.0,0.0,2
2026-03-11 05:00:00,50.0,28.0,83.0,0.6425881618791949,0.9659258262890683,0.25881904510252074,24.0,23.0,2
2026-03-11 05:20:00,27.0,28.9,84.0,0.6372139465058044,0.9659258262890683,0.25881904510252074,-23.0,0.0,2
2026-03-11 05:30:00,50.0,28.5,84.0,0.6226207249896345,0.9659258262890683,0.25881904510252074,23.0,24.0,2
2026-03-11 05:50:00,27.0,28.0,84.0,0.604788858239242,0.9659258262890683,0.25881904510252074,-23.0,-23.0,2
2026-03-11 06:00:00,26.0,28.7,85.0,0.5905130254424584,1.0,6.123233995736766e-17,-1.0,-1.0,2
2026-03-11 06:20:00,25.0,28.8,85.0,0.5939418944326107,1.0,6.123233995736766e-17,-1.0,-25.0,2
2026-03-11 06:30:00,49.0,27.7,87.0,0.4828724395217243,1.0,6.123233995736766e-17,24.0,22.0,2
2026-03-11 06:50:00,26.0,27.2,88.0,0.4328865963030615,1.0,6.123233995736766e-17,-23.0,0.0,2
2026-03-11 07:00:00,49.0,28.9,87.0,0.517736331535966,0.9659258262890683,-0.25881904510252063,23.0,24.0,2
2026-03-11 07:20:00,24.0,28.2,86.0,0.5353840825275671,0.9659258262890683,-0.25881904510252063,-25.0,-25.0,2
2026-03-11 07:30:00,25.0,28.6,86.0,0.5479613018151781,0.9659258262890683,-0.25881904510252063,1.0,-1.0,2
2026-03-11 07:50:00,24.0,28.5,84.0,0.6226207249896345,0.9659258262890683,-0.25881904510252063,-1.0,-25.0,2
2026-03-11 08:00:00,44.0,28.3,79.0,0.8077568882015949,0.8660254037844387,-0.4999999999999998,20.0,20.0,2
2026-03-11 08:20:00,22.0,29.5,78.0,0.9070348032638598,0.8660254037844387,-0.4999999999999998,-22.0,-3.0,2
2026-03-11 08:30:00,20.0,29.8,74.0,1.0906044788385074,0.8660254037844387,-0.4999999999999998,-2.0,-4.0,2
2026-03-11 08:50:00,21.0,28.3,72.0,1.0770091842687934,0.8660254037844387,-0.4999999999999998,1.0,-23.0,2
2026-03-11 09:00:00,20.0,29.5,72.0,1.1544079314267308,0.7071067811865476,-0.7071067811865475,-1.0,-2.0,2
2026-03-11 09:20:00,20.0,29.6,72.0,1.1610708620336156,0.7071067811865476,-0.7071067811865475,0.0,0.0,2
2026-03-11 09:30:00,23.0,29.2,71.0,1.175140356902225,0.7071067811865476,-0.7071067811865475,3.0,2.0,2
2026-03-11 09:50:00,22.0,30.4,71.0,1.2590032849220516,0.7071067811865476,-0.7071067811865475,-1.0,2.0,2
2026-03-11 10:00:00,23.0,30.4,74.0,1.1287615657921841,0.49999999999999994,-0.8660254037844387,1.0,3.0,2
2026-03-11 10:20:00,46.0,30.4,72.0,1.2155893785454293,0.49999999999999994,-0.8660254037844387,23.0,23.0,2
2026-03-11 10:30:00,23.0,30.4,73.0,1.1721754721688065,0.49999999999999994,-0.8660254037844387,-23.0,1.0,2
2026-03-11 10:50:00,21.0,30.0,71.0,1.2304888670401142,0.49999999999999994,-0.8660254037844387,-2.0,-2.0,2
2026-03-11 11:00:00,22.0,31.7,69.0,1.4491756559542703,0.258819045102521,-0.9659258262890682,1.0,-24.0,2
2026-03-11 11:20:00,46.0,31.7,67.0,1.5426708595642227,0.258819045102521,-0.9659258262890682,24.0,23.0,2
2026-03-11 11:30:00,21.0,31.8,65.0,1.6454553295460297,0.258819045102521,-0.9659258262890682,-25.0,0.0,2
2026-03-11 11:50:00,23.0,31.5,66.0,1.5715034270286714,0.258819045102521,-0.9659258262890682,2.0,1.0,2
2026-03-11 12:00:00,23.0,31.5,65.0,1.6177241160589264,1.2246467991473532e-16,-1.0,0.0,-23.0,2
2026-03-11 12:20:00,22.0,31.7,65.0,1.636166063174176,1.2246467991473532e-16,-1.0,-1.0,1.0,2
2026-03-11 12:30:00,23.0,31.4,65.0,1.6085710608266401,1.2246467991473532e-16,-1.0,1.0,0.0,2
2026-03-11 12:50:00,24.0,31.0,68.0,1.4376295203579463,1.2246467991473532e-16,-1.0,1.0,1.0,2
2026-03-11 13:00:00,46.0,31.5,67.0,1.5252827379984164,-0.2588190451025208,-0.9659258262890683,22.0,24.0,2
2026-03-11 13:20:00,22.0,31.9,63.0,1.7493498251383839,-0.2588190451025208,-0.9659258262890683,-24.0,-1.0,2
2026-03-11 13:40:00,23.0,31.8,63.0,1.7394813483772316,-0.2588190451025208,-0.9659258262890683,1.0,-1.0,2
2026-03-11 13:50:00,21.0,31.8,67.0,1.5514293107148278,-0.2588190451025208,-0.9659258262890683,-2.0,-25.0,2
2026-03-11 14:10:00,22.0,31.5,69.0,1.4328413599379068,-0.4999999999999997,-0.8660254037844388,1.0,0.0,2
2026-03-11 14:20:00,44.0,31.2,64.0,1.6358398511923458,-0.4999999999999997,-0.8660254037844388,22.0,21.0,2
2026-03-11 14:40:00,46.0,32.9,64.0,1.8007205332001215,-0.4999999999999997,-0.8660254037844388,2.0,25.0,2
2026-03-11 14:50:00,22.0,31.2,64.0,1.6358398511923458,-0.4999999999999997,-0.8660254037844388,-24.0,0.0,2
2026-03-11 15:10:00,24.0,32.2,62.0,1.827335398799924,-0.7071067811865471,-0.7071067811865479,2.0,-20.0,2
2026-03-11 15:20:00,45.0,32.8,66.0,1.6911572777405137,-0.7071067811865471,-0.7071067811865479,21.0,-1.0,2
2026-03-11 15:40:00,24.0,32.1,62.0,1.81704986470944,-0.7071067811865471,-0.7071067811865479,-21.0,2.0,2
2026-03-11 15:50:00,24.0,31.1,66.0,1.5361990103572585,-0.7071067811865471,-0.7071067811865479,0.0,0.0,2
2026-03-11 16:10:00,25.0,32.9,64.0,1.8007205332001215,-0.8660254037844385,-0.5000000000000004,1.0,-20.0,2
2026-03-11 16:20:00,24.0,32.0,67.0,1.5690758807663983,-0.8660254037844385,-0.5000000000000004,-1.0,0.0,2
2026-03-11 16:40:00,25.0,32.9,67.0,1.650660488766778,-0.8660254037844385,-0.5000000000000004,1.0,1.0,2
2026-03-11 16:50:00,46.0,31.7,68.0,1.4959232577592463,-0.8660254037844385,-0.5000000000000004,21.0,21.0,2
2026-03-11 17:10:00,24.0,31.0,68.0,1.4376295203579463,-0.9659258262890683,-0.25881904510252063,-22.0,0.0,2
2026-03-11 17:20:00,46.0,31.5,65.0,1.6177241160589264,-0.9659258262890683,-0.25881904510252063,22.0,21.0,2
2026-03-11 17:40:00,22.0,31.5,66.0,1.5715034270286714,-0.9659258262890683,-0.25881904510252063,-24.0,-24.0,2
2026-03-11 17:50:00,9.0,31.7,69.0,1.4491756559542703,-0.9659258262890683,-0.25881904510252063,-13.0,-15.0,2
2026-03-11 18:10:00,37.0,31.2,71.0,1.3177598801271677,-1.0,-1.8369701987210297e-16,28.0,-9.0,2
2026-03-11 18:20:00,9.0,31.2,72.0,1.2723198842607135,-1.0,-1.8369701987210297e-16,-28.0,-13.0,2
2026-03-11 18:40:00,24.0,31.6,73.0,1.255054413492708,-1.0,-1.8369701987210297e-16,15.0,15.0,2
2026-03-11 18:50:00,22.0,30.6,77.0,1.0099971477448628,-1.0,-1.8369701987210297e-16,-2.0,-15.0,2
2026-03-11 19:10:00,20.0,30.7,76.0,1.0599429679982864,-0.9659258262890684,0.2588190451025203,-2.0,11.0,2
2026-03-11 19:20:00,13.0,30.3,78.0,0.9496575842315345,-0.9659258262890684,0.2588190451025203,-7.0,-11.0,2
2026-03-11 19:50:00,40.0,30.9,78.0,0.9827573061391082,-0.9659258262890684,0.2588190451025203,27.0,18.0,2
2026-03-11 20:10:00,14.0,30.7,78.0,0.9716143873317624,-0.8660254037844386,0.5000000000000001,-26.0,-6.0,2
2026-03-11 20:20:00,15.0,29.9,78.0,0.9281334472366756,-0.8660254037844386,0.5000000000000001,1.0,2.0,2
2026-03-11 20:40:00,7.0,29.7,78.0,0.9175313832629124,-0.8660254037844386,0.5000000000000001,-8.0,-33.0,2
2026-03-11 20:50:00,11.0,29.7,78.0,0.9175313832629124,-0.8660254037844386,0.5000000000000001,4.0,-3.0,2
2026-03-11 21:10:00,39.0,29.7,78.0,0.9175313832629124,-0.7071067811865477,0.7071067811865474,28.0,24.0,2
2026-03-11 21:20:00,36.0,29.6,78.0,0.9122699630264117,-0.7071067811865477,0.7071067811865474,-3.0,29.0,2
2026-03-11 21:40:00,37.0,29.3,77.0,0.9373993173250263,-0.7071067811865477,0.7071067811865474,1.0,26.0,2
2026-03-11 22:00:00,14.0,29.5,77.0,0.9482636579576718,-0.5000000000000004,0.8660254037844384,-23.0,-25.0,2
2026-03-11 22:10:00,7.0,29.8,78.0,0.9228191744018139,-0.5000000000000004,0.8660254037844384,-7.0,-29.0,2
2026-03-11 22:30:00,39.0,29.5,78.0,0.9070348032638598,-0.5000000000000004,0.8660254037844384,32.0,2.0,2
2026-03-11 22:40:00,9.0,29.9,79.0,0.8859455632713722,-0.5000000000000004,0.8660254037844384,-30.0,-5.0,2
2026-03-11 23:00:00,10.0,29.4,78.0,0.9018257939110925,-0.25881904510252157,0.9659258262890681,1.0,3.0,2
2026-03-11 23:10:00,37.0,29.2,77.0,0.9320078692672817,-0.25881904510252157,0.9659258262890681,27.0,-2.0,2
2026-03-11 23:30:00,33.0,29.3,75.0,1.018912301440246,-0.25881904510252157,0.9659258262890681,-4.0,24.0,2
2026-03-11 23:40:00,10.0,29.3,75.0,1.018912301440246,-0.25881904510252157,0.9659258262890681,-23.0,0.0,2
2026-03-12 00:00:00,11.0,29.2,76.0,0.9725299505397724,0.0,1.0,1.0,-26.0,2
2026-03-12 00:10:00,12.0,29.3,76.0,0.9781558093826361,0.0,1.0,1.0,-21.0,2
2026-03-12 00:30:00,10.0,29.8,77.0,0.9647655005109872,0.0,1.0,-2.0,0.0,2
2026-03-12 00:40:00,9.0,29.7,77.0,0.9592373552294085,0.0,1.0,-1.0,-2.0,2
2026-03-12 01:00:00,11.0,29.9,77.0,0.9703213312019789,0.25881904510252074,0.9659258262890683,2.0,-1.0,2
2026-03-12 01:10:00,10.0,29.6,77.0,0.9537367795276124,0.25881904510252074,0.9659258262890683,-1.0,0.0,2
2026-03-12 01:30:00,9.0,29.6,77.0,0.9537367795276124,0.25881904510252074,0.9659258262890683,-1.0,0.0,2
2026-03-12 01:40:00,10.0,28.1,78.0,0.8364389383729534,0.25881904510252074,0.9659258262890683,1.0,-1.0,2
2026-03-12 02:00:00,11.0,28.3,78.0,0.8462215019254806,0.49999999999999994,0.8660254037844387,1.0,1.0,2
2026-03-12 02:10:00,9.0,28.4,78.0,0.8511500176363289,0.49999999999999994,0.8660254037844387,-2.0,0.0,2
2026-03-12 02:30:00,37.0,28.6,78.0,0.8610820457095656,0.49999999999999994,0.8660254037844387,28.0,27.0,2
2026-03-12 02:40:00,38.0,28.8,79.0,0.8315186522056548,0.49999999999999994,0.8660254037844387,1.0,27.0,2
2026-03-12 03:00:00,12.0,28.2,79.0,0.8030761237913504,0.7071067811865476,0.7071067811865476,-26.0,3.0,2
2026-03-12 03:10:00,10.0,28.0,79.0,0.793785376439005,0.7071067811865476,0.7071067811865476,-2.0,-27.0,2
2026-03-12 03:30:00,11.0,28.8,79.0,0.8315186522056548,0.7071067811865476,0.7071067811865476,1.0,-27.0,2
2026-03-12 03:40:00,37.0,28.6,80.0,0.7828018597359687,0.7071067811865476,0.7071067811865476,26.0,25.0,2
2026-03-12 04:00:00,9.0,28.8,79.0,0.8315186522056548,0.8660254037844386,0.5000000000000001,-28.0,-1.0,2
2026-03-12 04:10:00,11.0,28.1,82.0,0.6843591313960529,0.8660254037844386,0.5000000000000001,2.0,0.0,2
2026-03-12 04:30:00,38.0,28.0,82.0,0.6803874655191477,0.8660254037844386,0.5000000000000001,27.0,1.0,2
2026-03-12 04:40:00,10.0,28.6,83.0,0.6653815807755734,0.8660254037844386,0.5000000000000001,-28.0,1.0,2
2026-03-12 05:00:00,11.0,28.2,79.0,0.8030761237913504,0.9659258262890683,0.25881904510252074,1.0,0.0,2
2026-03-12 05:10:00,38.0,28.2,78.0,0.8413178439718911,0.9659258262890683,0.25881904510252074,27.0,0.0,2
2026-03-12 05:30:00,10.0,28.7,78.0,0.8660857706489389,0.9659258262890683,0.25881904510252074,-28.0,0.0,2
2026-03-12 05:40:00,38.0,28.7,78.0,0.8660857706489389,0.9659258262890683,0.25881904510252074,28.0,27.0,2
2026-03-12 06:00:00,38.0,28.0,78.0,0.8315846800789579,1.0,6.123233995736766e-17,0.0,0.0,2
2026-03-12 06:20:00,11.0,28.3,77.0,0.884686115649366,1.0,6.123233995736766e-17,-27.0,1.0,2
2026-03-12 06:30:00,11.0,28.2,78.0,0.8413178439718911,1.0,6.123233995736766e-17,0.0,-27.0,2
2026-03-12 06:50:00,10.0,28.7,78.0,0.8660857706489389,1.0,6.123233995736766e-17,-1.0,-28.0,2
2026-03-12 07:00:00,35.0,28.7,78.0,0.8660857706489389,0.9659258262890683,-0.25881904510252063,25.0,24.0,2
2026-03-12 07:20:00,10.0,28.1,79.0,0.7984189866287279,0.9659258262890683,-0.25881904510252063,-25.0,-1.0,2
2026-03-12 07:30:00,8.0,29.3,78.0,0.8966428252674161,0.9659258262890683,-0.25881904510252063,-2.0,-2.0,2
2026-03-12 07:50:00,36.0,29.3,77.0,0.9373993173250263,0.9659258262890683,-0.25881904510252063,28.0,1.0,2
2026-03-12 08:20:00,7.0,29.5,76.0,0.9894925126514833,0.8660254037844387,-0.4999999999999998,-29.0,-3.0,2
2026-03-12 08:30:00,7.0,29.0,76.0,0.9613626240206208,0.8660254037844387,-0.4999999999999998,0.0,-1.0,2
2026-03-12 09:00:00,8.0,29.8,77.0,0.9647655005109872,0.7071067811865476,-0.7071067811865475,1.0,-28.0,2
2026-03-12 09:20:00,26.5,30.35,74.5,1.1038931165451684,0.7071067811865476,-0.7071067811865475,18.5,19.5,2
2026-03-12 09:50:00,16.0,30.5,74.0,1.1352326233303818,0.7071067811865476,-0.7071067811865475,-10.5,9.0,2
2026-03-12 10:10:00,38.0,30.8,76.0,1.066005863769791,0.49999999999999994,-0.8660254037844387,22.0,30.0,2
2026-03-12 10:20:00,40.0,30.7,72.0,1.2366001293313338,0.49999999999999994,-0.8660254037844387,2.0,13.5,2
2026-03-12 10:40:00,16.0,30.4,72.0,1.2155893785454293,0.49999999999999994,-0.8660254037844387,-24.0,0.0,2
2026-03-12 10:50:00,13.0,31.1,69.0,1.400652038855148,0.49999999999999994,-0.8660254037844387,-3.0,-25.0,2
2026-03-12 11:10:00,13.0,31.4,68.0,1.470693541327214,0.258819045102521,-0.9659258262890682,0.0,-27.0,2
2026-03-12 11:20:00,12.0,31.3,69.0,1.4166672603038735,0.258819045102521,-0.9659258262890682,-1.0,-4.0,2
2026-03-12 11:40:00,12.0,31.7,69.0,1.4491756559542703,0.258819045102521,-0.9659258262890682,0.0,-1.0,2
2026-03-12 11:50:00,37.0,31.3,66.0,1.5537640919461837,0.258819045102521,-0.9659258262890682,25.0,24.0,2
2026-03-12 12:10:00,10.0,31.0,67.0,1.482555442869132,1.2246467991473532e-16,-1.0,-27.0,-2.0,2
2026-03-12 12:40:00,9.0,32.5,64.0,1.7606804148907593,1.2246467991473532e-16,-1.0,-1.0,-3.0,2
2026-03-12 12:50:00,11.0,32.8,65.0,1.7408971976740584,1.2246467991473532e-16,-1.0,2.0,-26.0,2
2026-03-12 13:10:00,11.0,32.7,64.0,1.780602759151904,-0.2588190451025208,-0.9659258262890683,0.0,1.0,2
2026-03-12 13:20:00,38.0,32.3,63.0,1.789311684526294,-0.2588190451025208,-0.9659258262890683,27.0,29.0,2
2026-03-12 13:40:00,36.0,32.6,66.0,1.6722496325399288,-0.2588190451025208,-0.9659258262890683,-2.0,25.0,2
2026-03-12 14:10:00,7.0,32.3,63.0,1.789311684526294,-0.4999999999999997,-0.8660254037844388,-29.0,-4.0,2
2026-03-12 14:20:00,8.0,32.9,61.0,1.9507805776334655,-0.4999999999999997,-0.8660254037844388,1.0,-30.0,2
2026-03-12 14:40:00,8.0,32.5,65.0,1.711772625588238,-0.4999999999999997,-0.8660254037844388,0.0,-28.0,2
2026-03-12 14:50:00,9.0,32.1,62.0,1.81704986470944,-0.4999999999999997,-0.8660254037844388,1.0,2.0,2
2026-03-12 15:10:00,8.0,32.9,65.0,1.750700518389007,-0.7071067811865471,-0.7071067811865479,-1.0,0.0,2
2026-03-12 15:20:00,7.0,32.7,61.0,1.9289863224145627,-0.7071067811865471,-0.7071067811865479,-1.0,-1.0,2
2026-03-12 15:40:00,35.0,32.8,58.0,2.0890766372088705,-0.7071067811865471,-0.7071067811865479,28.0,26.0,2
2026-03-12 15:50:00,8.0,32.7,59.0,2.0279086979230017,-0.7071067811865471,-0.7071067811865479,-27.0,0.0,2
2026-03-12 16:10:00,9.0,32.1,61.0,1.86486696641232,-0.8660254037844385,-0.5000000000000004,1.0,2.0,2
2026-03-12 16:20:00,33.0,32.9,59.0,2.0508206072556945,-0.8660254037844385,-0.5000000000000004,24.0,-2.0,2
2026-03-12 16:40:00,7.0,32.4,59.0,1.9939575912016778,-0.8660254037844385,-0.5000000000000004,-26.0,-1.0,2
2026-03-12 17:10:00,7.0,32.3,55.0,2.176189886586033,-0.9659258262890683,-0.25881904510252063,0.0,-2.0,2
2026-03-12 17:40:00,37.0,32.0,59.0,1.9494579124673437,-0.9659258262890683,-0.25881904510252063,30.0,4.0,2
2026-03-12 18:00:00,36.0,32.5,60.0,1.956311572100844,-1.0,-1.8369701987210297e-16,-1.0,29.0,2
2026-03-12 18:10:00,10.0,31.8,61.0,1.833507367208433,-1.0,-1.8369701987210297e-16,-26.0,3.0,2
2026-03-12 18:30:00,11.0,31.1,61.0,1.7621106295274438,-1.0,-1.8369701987210297e-16,1.0,-26.0,2
2026-03-12 18:40:00,10.0,31.5,60.0,1.8488275612102019,-1.0,-1.8369701987210297e-16,-1.0,-26.0,2
2026-03-12 19:00:00,29.0,31.4,60.0,1.8383669266590177,-0.9659258262890684,0.2588190451025203,19.0,19.0,2
2026-03-12 20:00:00,34.0,30.4,63.0,1.6063145359350313,-0.8660254037844386,0.5000000000000001,5.0,23.0,2
2026-03-12 20:30:00,33.0,30.4,65.0,1.5194867231817861,-0.8660254037844386,0.5000000000000001,-1.0,23.0,2
2026-03-12 21:40:00,30.0,29.0,69.0,1.2417600560266355,-0.7071067811865477,0.7071067811865474,-3.0,1.0,2
2026-03-12 22:00:00,32.0,29.1,70.0,1.2086653269777465,-0.5000000000000004,0.8660254037844384,2.0,-2.0,2
2026-03-12 22:30:00,8.0,29.9,71.0,1.2234486349937996,-0.5000000000000004,0.8660254037844384,-24.0,-25.0,2
2026-03-12 23:10:00,33.0,29.2,72.0,1.1346182756297347,-0.25881904510252157,0.9659258262890681,25.0,3.0,2
2026-03-13 00:30:00,31.0,29.5,74.0,1.0719502220391073,0.0,1.0,-2.0,-1.0,2
2026-03-13 01:30:00,32.0,28.8,75.0,0.9899031573876846,0.25881904510252074,0.9659258262890683,1.0,24.0,2
2026-03-13 02:00:00,31.0,29.7,75.0,1.0426492991624006,0.49999999999999994,0.8660254037844387,-1.0,-2.0,2
2026-03-13 02:20:00,31.0,28.1,75.0,0.9504987936056288,0.49999999999999994,0.8660254037844387,0.0,0.0,2
2026-03-13 04:50:00,32.0,28.7,75.0,0.984188375737431,0.8660254037844386,0.5000000000000001,1.0,0.0,2
2026-03-13 05:00:00,29.0,28.4,75.0,0.967215929132192,0.9659258262890683,0.25881904510252074,-3.0,-2.0,2
2026-03-13 05:50:00,25.0,28.9,76.0,0.9558209197587062,0.9659258262890683,0.25881904510252074,-4.0,-6.0,2
2026-03-13 06:20:00,26.0,28.1,77.0,0.8744588901171784,1.0,6.123233995736766e-17,1.0,-6.0,2
2026-03-13 08:00:00,9.0,29.7,77.0,0.9592373552294085,0.8660254037844387,-0.4999999999999998,-17.0,-20.0,2
2026-03-13 08:20:00,36.0,29.9,75.0,1.0546970991325857,0.8660254037844387,-0.4999999999999998,27.0,11.0,2
2026-03-13 08:30:00,10.0,29.5,76.0,0.9894925126514833,0.8660254037844387,-0.4999999999999998,-26.0,-16.0,2
2026-03-13 09:00:00,10.0,30.9,71.0,1.2954528126379157,0.7071067811865476,-0.7071067811865475,0.0,1.0,2
2026-03-13 09:30:00,8.0,30.4,70.0,1.302417191298674,0.7071067811865476,-0.7071067811865475,-2.0,-28.0,2
2026-03-13 09:50:00,32.0,30.3,70.0,1.2949876148611836,0.7071067811865476,-0.7071067811865475,24.0,22.0,2
2026-03-13 10:00:00,34.0,30.6,68.0,1.4052134229493745,0.49999999999999994,-0.8660254037844387,2.0,24.0,2
2026-03-13 10:20:00,33.0,30.2,68.0,1.3734345735947961,0.49999999999999994,-0.8660254037844387,-1.0,25.0,2
2026-03-13 10:40:00,7.0,30.1,70.0,1.280238931362227,0.49999999999999994,-0.8660254037844387,-26.0,-25.0,2
2026-03-13 11:10:00,11.0,30.0,68.0,1.3577808188028841,0.258819045102521,-0.9659258262890682,4.0,-23.0,2
2026-03-13 11:20:00,37.0,31.2,68.0,1.4540798677265294,0.258819045102521,-0.9659258262890682,26.0,4.0,2
2026-03-13 11:40:00,18.0,31.7,68.0,1.4959232577592463,0.258819045102521,-0.9659258262890682,-19.0,11.0,2
2026-03-13 12:20:00,7.0,31.1,66.0,1.5361990103572585,1.2246467991473532e-16,-1.0,-11.0,-4.0,2
2026-03-13 12:40:00,42.0,31.9,67.0,1.5602309251234234,1.2246467991473532e-16,-1.0,35.0,5.0,2
2026-03-13 12:50:00,21.0,31.8,65.0,1.6454553295460297,1.2246467991473532e-16,-1.0,-21.0,3.0,2
2026-03-13 13:10:00,22.0,31.2,64.0,1.6358398511923458,-0.2588190451025208,-0.9659258262890683,1.0,15.0,2
2026-03-13 13:20:00,14.0,31.2,66.0,1.5449598594594378,-0.2588190451025208,-0.9659258262890683,-8.0,-28.0,2
2026-03-13 13:40:00,16.0,31.7,64.0,1.6829136649791523,-0.2588190451025208,-0.9659258262890683,2.0,-5.0,2
2026-03-13 13:50:00,43.0,31.7,61.0,1.823156470394082,-0.2588190451025208,-0.9659258262890683,27.0,21.0,2
2026-03-13 14:10:00,48.0,32.8,63.0,1.8403770375411477,-0.4999999999999997,-0.8660254037844388,5.0,34.0,2
2026-03-13 14:20:00,27.0,32.6,60.0,1.9673525088705044,-0.4999999999999997,-0.8660254037844388,-21.0,11.0,2
2026-03-13 14:40:00,31.0,31.9,62.0,1.796629550142124,-0.4999999999999997,-0.8660254037844388,4.0,-12.0,2
2026-03-13 14:50:00,26.0,31.9,66.0,1.6075106501271637,-0.4999999999999997,-0.8660254037844388,-5.0,-22.0,2
2026-03-13 15:10:00,31.0,31.1,62.0,1.7169283056934068,-0.7071067811865471,-0.7071067811865479,5.0,4.0,2
2026-03-13 15:20:00,51.0,31.8,64.0,1.6924683389616306,-0.7071067811865471,-0.7071067811865479,20.0,20.0,2
2026-03-13 15:40:00,27.0,31.3,64.0,1.6451619797077242,-0.7071067811865471,-0.7071067811865479,-24.0,1.0,2
2026-03-13 15:50:00,48.0,31.0,65.0,1.572407287891504,-0.7071067811865471,-0.7071067811865479,21.0,17.0,2
2026-03-13 16:10:00,26.0,31.6,68.0,1.487471897472839,-0.8660254037844385,-0.5000000000000004,-22.0,-25.0,2
2026-03-13 16:20:00,25.0,31.5,66.0,1.5715034270286714,-0.8660254037844385,-0.5000000000000004,-1.0,-2.0,2
2026-03-13 16:40:00,25.0,30.6,71.0,1.2734746645478707,-0.8660254037844385,-0.5000000000000004,0.0,-23.0,2
2026-03-13 16:50:00,44.0,30.4,77.0,0.9985198466623166,-0.8660254037844385,-0.5000000000000004,19.0,18.0,2
2026-03-13 17:10:00,46.0,30.3,78.0,0.9496575842315345,-0.9659258262890683,-0.25881904510252063,2.0,21.0,2
2026-03-13 17:20:00,46.0,29.3,80.0,0.8151298411521966,-0.9659258262890683,-0.25881904510252063,0.0,21.0,2
2026-03-13 17:40:00,26.0,30.2,77.0,0.9871560997712598,-0.9659258262890683,-0.25881904510252063,-20.0,-18.0,2
2026-03-13 17:50:00,31.0,30.0,77.0,0.9759049635145729,-0.9659258262890683,-0.25881904510252063,5.0,-15.0,2
2026-03-13 18:10:00,50.0,29.5,80.0,0.8245770938762362,-1.0,-1.8369701987210297e-16,19.0,4.0,2
2026-03-13 18:20:00,29.0,29.4,78.0,0.9018257939110925,-1.0,-1.8369701987210297e-16,-21.0,3.0,2
2026-03-13 18:40:00,28.0,29.5,79.0,0.8658059485700478,-1.0,-1.8369701987210297e-16,-1.0,-3.0,2
2026-03-13 19:00:00,28.0,29.1,80.0,0.8057768846518307,-0.9659258262890684,0.2588190451025203,0.0,-22.0,2
2026-03-13 19:10:00,28.0,29.0,79.0,0.8411922960180434,-0.9659258262890684,0.2588190451025203,0.0,-1.0,2
2026-03-13 19:30:00,27.0,28.7,82.0,0.7086156305309506,-0.9659258262890684,0.2588190451025203,-1.0,-1.0,2
2026-03-13 19:40:00,49.0,29.6,81.0,0.7878695135228102,-0.9659258262890684,0.2588190451025203,22.0,21.0,2
2026-03-13 20:00:00,28.0,29.3,82.0,0.7336168570369774,-0.8660254037844386,0.5000000000000001,-21.0,0.0,2
2026-03-13 20:10:00,50.0,29.9,82.0,0.7593819113754621,-0.8660254037844386,0.5000000000000001,22.0,23.0,2
2026-03-13 20:30:00,47.0,29.6,80.0,0.8293363300240109,-0.8660254037844386,0.5000000000000001,-3.0,-2.0,2
2026-03-13 20:40:00,27.0,29.0,83.0,0.6809651920146069,-0.8660254037844386,0.5000000000000001,-20.0,-1.0,2
2026-03-13 21:00:00,28.0,29.8,84.0,0.6711412177467739,-0.7071067811865477,0.7071067811865474,1.0,-22.0,2
2026-03-13 21:10:00,28.0,29.2,83.0,0.688875381632339,-0.7071067811865477,0.7071067811865474,0.0,-19.0,2
2026-03-13 21:30:00,28.0,29.6,82.0,0.74640269702161,-0.7071067811865477,0.7071067811865474,0.0,1.0,2
2026-03-13 21:40:00,26.0,29.4,83.0,0.6968653862040264,-0.7071067811865477,0.7071067811865474,-2.0,-2.0,2
2026-03-13 22:00:00,46.0,29.1,82.0,0.7251991961866482,-0.5000000000000004,0.8660254037844384,20.0,18.0,2
2026-03-13 22:10:00,25.0,29.5,81.0,0.7833482391824242,-0.5000000000000004,0.8660254037844384,-21.0,-3.0,2
2026-03-13 22:30:00,24.0,29.4,80.0,0.8198416308282659,-0.5000000000000004,0.8660254037844384,-1.0,-2.0,2
2026-03-13 22:40:00,45.0,29.6,82.0,0.74640269702161,-0.5000000000000004,0.8660254037844384,21.0,-1.0,2
2026-03-13 23:00:00,27.0,28.5,83.0,0.6615345203014869,-0.25881904510252157,0.9659258262890681,-18.0,2.0,2
2026-03-13 23:10:00,25.0,28.3,82.0,0.6923630470299389,-0.25881904510252157,0.9659258262890681,-2.0,1.0,2
2026-03-13 23:30:00,27.0,28.2,84.0,0.6118675228886481,-0.25881904510252157,0.9659258262890681,2.0,-18.0,2
2026-03-13 23:40:00,24.0,28.3,84.0,0.6154338195821678,-0.25881904510252157,0.9659258262890681,-3.0,-3.0,2
2026-03-14 00:00:00,25.0,28.6,85.0,0.5871013948019765,0.0,1.0,1.0,0.0,2
2026-03-14 00:10:00,21.0,28.7,83.0,0.669248095501453,0.0,1.0,-4.0,-6.0,2
2026-03-14 00:30:00,23.0,28.1,82.0,0.6843591313960529,0.0,1.0,2.0,-1.0,2
2026-03-14 00:40:00,22.0,28.6,83.0,0.6653815807755734,0.0,1.0,-1.0,-3.0,2
2026-03-14 01:00:00,45.0,28.1,82.0,0.6843591313960529,0.25881904510252074,0.9659258262890683,23.0,24.0,2
2026-03-14 01:10:00,20.0,28.7,83.0,0.669248095501453,0.25881904510252074,0.9659258262890683,-25.0,-3.0,2
2026-03-14 01:30:00,20.0,28.0,84.0,0.604788858239242,0.25881904510252074,0.9659258262890683,0.0,-2.0,2
2026-03-14 01:40:00,18.0,28.3,84.0,0.6154338195821678,0.25881904510252074,0.9659258262890683,-2.0,-27.0,2
2026-03-14 02:00:00,19.0,28.3,82.0,0.6923630470299389,0.49999999999999994,0.8660254037844387,1.0,-1.0,2
2026-03-14 02:10:00,20.0,28.3,82.0,0.6923630470299389,0.49999999999999994,0.8660254037844387,1.0,0.0,2
2026-03-14 02:30:00,21.0,28.3,83.0,0.6538984333060531,0.49999999999999994,0.8660254037844387,1.0,3.0,2
2026-03-14 02:40:00,44.0,28.9,83.0,0.6770398181624171,0.49999999999999994,0.8660254037844387,23.0,25.0,2
2026-03-14 03:00:00,21.0,28.2,83.0,0.6501092430691888,0.7071067811865476,0.7071067811865476,-23.0,1.0,2
2026-03-14 03:20:00,22.0,28.2,85.0,0.5736258027081078,0.7071067811865476,0.7071067811865476,1.0,1.0,2
2026-03-14 03:30:00,44.0,28.5,85.0,0.5837069296777826,0.7071067811865476,0.7071067811865476,22.0,0.0,2
2026-03-14 03:50:00,20.0,28.1,84.0,0.6083192279076024,0.7071067811865476,0.7071067811865476,-24.0,-1.0,2
2026-03-14 04:00:00,22.0,28.4,81.0,0.7350841061404658,0.8660254037844386,0.5000000000000001,2.0,0.0,2
2026-03-14 04:20:00,22.0,28.3,80.0,0.7692922744777095,0.8660254037844386,0.5000000000000001,0.0,-22.0,2
2026-03-14 04:30:00,23.0,28.6,81.0,0.7436617667491703,0.8660254037844386,0.5000000000000001,1.0,3.0,2
2026-03-14 04:50:00,24.0,28.8,81.0,0.7523263996146401,0.8660254037844386,0.5000000000000001,1.0,2.0,2
2026-03-14 05:00:00,22.0,27.5,83.0,0.6241159355795896,0.9659258262890683,0.25881904510252074,-2.0,0.0,2
2026-03-14 05:20:00,21.0,28.5,82.0,0.7004483156133392,0.9659258262890683,0.25881904510252074,-1.0,-2.0,2
2026-03-14 05:30:00,38.0,28.7,83.0,0.669248095501453,0.9659258262890683,0.25881904510252074,17.0,14.0,2
2026-03-14 05:50:00,23.0,28.5,82.0,0.7004483156133392,0.9659258262890683,0.25881904510252074,-15.0,1.0,2
2026-03-14 06:00:00,45.0,27.2,84.0,0.5771821284040821,1.0,6.123233995736766e-17,22.0,24.0,2
2026-03-14 06:20:00,22.0,27.6,83.0,0.627772933249692,1.0,6.123233995736766e-17,-23.0,-16.0,2
2026-03-14 06:30:00,24.0,27.9,81.0,0.7140156510660622,1.0,6.123233995736766e-17,2.0,1.0,2
2026-03-14 06:50:00,24.0,28.0,82.0,0.6803874655191477,1.0,6.123233995736766e-17,0.0,-21.0,2
2026-03-14 07:00:00,24.0,28.0,81.0,0.7181867691590997,0.9659258262890683,-0.25881904510252063,0.0,2.0,2
2026-03-14 07:20:00,24.0,28.4,80.0,0.7737727433057535,0.9659258262890683,-0.25881904510252063,0.0,0.0,2
2026-03-14 07:30:00,21.0,28.0,80.0,0.7559860727990526,0.9659258262890683,-0.25881904510252063,-3.0,-3.0,2
2026-03-14 07:50:00,23.0,28.2,79.0,0.8030761237913504,0.9659258262890683,-0.25881904510252063,2.0,-1.0,2
2026-03-14 08:00:00,44.0,28.6,79.0,0.8219419527227672,0.8660254037844387,-0.4999999999999998,21.0,20.0,2
2026-03-14 08:20:00,21.0,28.6,79.0,0.8219419527227672,0.8660254037844387,-0.4999999999999998,-23.0,0.0,2
2026-03-14 08:30:00,21.0,28.7,78.0,0.8660857706489389,0.8660254037844387,-0.4999999999999998,0.0,-2.0,2
2026-03-14 08:50:00,22.0,29.7,77.0,0.9592373552294085,0.8660254037844387,-0.4999999999999998,1.0,-22.0,2
2026-03-14 09:00:00,19.0,29.3,76.0,0.9781558093826361,0.7071067811865476,-0.7071067811865475,-3.0,-2.0,2
2026-03-14 09:20:00,20.0,29.5,76.0,0.9894925126514833,0.7071067811865476,-0.7071067811865475,1.0,-1.0,2
2026-03-14 09:30:00,16.0,29.9,75.0,1.0546970991325857,0.7071067811865476,-0.7071067811865475,-4.0,-6.0,2
2026-03-14 09:50:00,19.0,30.4,77.0,0.9985198466623166,0.7071067811865476,-0.7071067811865475,3.0,0.0,2
2026-03-14 10:00:00,21.0,30.1,75.0,1.066865776135189,0.49999999999999994,-0.8660254037844387,2.0,1.0,2
2026-03-14 10:20:00,22.0,30.7,76.0,1.0599429679982864,0.49999999999999994,-0.8660254037844387,1.0,6.0,2
2026-03-14 10:30:00,21.0,30.3,75.0,1.079156345717653,0.49999999999999994,-0.8660254037844387,-1.0,2.0,2
2026-03-14 10:50:00,43.0,30.8,74.0,1.1548396857506065,0.49999999999999994,-0.8660254037844387,22.0,22.0,2
2026-03-14 11:10:00,39.0,30.7,75.0,1.104107258331548,0.258819045102521,-0.9659258262890682,-4.0,17.0,2
2026-03-14 11:20:00,61.0,30.8,71.0,1.2880904187218305,0.258819045102521,-0.9659258262890682,22.0,40.0,2
2026-03-14 11:40:00,63.0,31.7,68.0,1.4959232577592463,0.258819045102521,-0.9659258262890682,2.0,20.0,2
2026-03-14 11:50:00,45.0,31.7,70.0,1.402428054149294,0.258819045102521,-0.9659258262890682,-18.0,6.0,2
2026-03-14 12:10:00,62.0,31.0,67.0,1.482555442869132,1.2246467991473532e-16,-1.0,17.0,1.0,2
2026-03-14 12:20:00,46.0,31.1,71.0,1.3102873911870736,1.2246467991473532e-16,-1.0,-16.0,-17.0,2
2026-03-14 12:40:00,59.0,30.4,70.0,1.302417191298674,1.2246467991473532e-16,-1.0,13.0,14.0,2
2026-03-14 12:50:00,45.0,30.7,70.0,1.3249287099978577,1.2246467991473532e-16,-1.0,-14.0,-17.0,2
2026-03-14 13:10:00,43.0,31.0,69.0,1.392703597846761,-0.2588190451025208,-0.9659258262890683,-2.0,-3.0,2
2026-03-14 13:20:00,42.0,31.2,69.0,1.408639871860076,-0.2588190451025208,-0.9659258262890683,-1.0,-17.0,2
2026-03-14 13:40:00,42.0,31.7,68.0,1.4959232577592463,-0.2588190451025208,-0.9659258262890683,0.0,-3.0,2
2026-03-14 13:50:00,42.0,31.4,68.0,1.470693541327214,-0.2588190451025208,-0.9659258262890683,0.0,-1.0,2
2026-03-14 14:10:00,41.0,31.6,68.0,1.487471897472839,-0.4999999999999997,-0.8660254037844388,-1.0,-1.0,2
2026-03-14 14:20:00,41.0,31.4,64.0,1.6545302339931158,-0.4999999999999997,-0.8660254037844388,0.0,-1.0,2
2026-03-14 14:40:00,41.0,31.2,63.0,1.6812798470588,-0.4999999999999997,-0.8660254037844388,0.0,-1.0,2
2026-03-14 14:50:00,55.0,31.3,62.0,1.7365598674692642,-0.4999999999999997,-0.8660254037844388,14.0,14.0,2
2026-03-14 15:10:00,55.0,31.3,63.0,1.690860923588494,-0.7071067811865471,-0.7071067811865479,0.0,14.0,2
2026-03-14 15:20:00,54.0,31.5,65.0,1.6177241160589264,-0.7071067811865471,-0.7071067811865479,-1.0,13.0,2
2026-03-14 15:40:00,55.0,31.4,63.0,1.700489407159591,-0.7071067811865471,-0.7071067811865479,1.0,0.0,2
2026-03-14 15:50:00,33.0,31.9,68.0,1.5129512001196832,-0.7071067811865471,-0.7071067811865479,-22.0,-22.0,2
2026-03-14 16:10:00,42.0,32.5,65.0,1.711772625588238,-0.8660254037844385,-0.5000000000000004,9.0,-12.0,2
2026-03-14 16:20:00,60.0,31.5,69.0,1.4328413599379068,-0.8660254037844385,-0.5000000000000004,18.0,5.0,2
2026-03-14 16:40:00,38.0,31.4,69.0,1.4247343681607387,-0.8660254037844385,-0.5000000000000004,-22.0,5.0,2
2026-03-14 16:50:00,56.0,31.1,69.0,1.400652038855148,-0.8660254037844385,-0.5000000000000004,18.0,14.0,2
2026-03-14 17:10:00,37.0,31.0,65.0,1.572407287891504,-0.9659258262890683,-0.25881904510252063,-19.0,-23.0,2
2026-03-14 17:20:00,40.0,31.7,65.0,1.636166063174176,-0.9659258262890683,-0.25881904510252063,3.0,2.0,2
2026-03-14 17:40:00,41.0,31.7,65.0,1.636166063174176,-0.9659258262890683,-0.25881904510252063,1.0,-15.0,2
2026-03-14 17:50:00,58.0,31.5,69.0,1.4328413599379068,-0.9659258262890683,-0.25881904510252063,17.0,21.0,2
2026-03-14 18:10:00,39.0,31.5,72.0,1.2941792928471414,-1.0,-1.8369701987210297e-16,-19.0,-1.0,2
2026-03-14 18:20:00,39.0,31.4,70.0,1.3787751949942635,-1.0,-1.8369701987210297e-16,0.0,-2.0,2
2026-03-14 18:40:00,39.0,30.8,75.0,1.110422774760199,-1.0,-1.8369701987210297e-16,0.0,-19.0,2
2026-03-14 18:50:00,56.0,30.0,73.0,1.1456275658649338,-1.0,-1.8369701987210297e-16,17.0,17.0,2
2026-03-14 19:10:00,39.0,30.2,76.0,1.0300759301960971,-0.9659258262890684,0.2588190451025203,-17.0,0.0,2
2026-03-14 19:30:00,38.0,30.0,78.0,0.9334743129269829,-0.9659258262890684,0.2588190451025203,-1.0,-1.0,2
2026-03-14 19:40:00,37.0,30.1,72.0,1.194889669271412,-0.9659258262890684,0.2588190451025203,-1.0,-19.0,2
2026-03-14 20:00:00,37.0,30.1,73.0,1.1522150382260041,-0.8660254037844386,0.5000000000000001,0.0,-2.0,2
2026-03-14 20:10:00,56.0,30.6,76.0,1.0539100672120307,-0.8660254037844386,0.5000000000000001,19.0,18.0,2
2026-03-14 20:30:00,57.0,30.1,76.0,1.0241911450897812,-0.8660254037844386,0.5000000000000001,1.0,20.0,2
2026-03-14 20:40:00,58.0,30.5,77.0,1.0042442437153376,-0.8660254037844386,0.5000000000000001,1.0,21.0,2
2026-03-14 21:00:00,57.0,29.0,77.0,0.9213058480197618,-0.7071067811865477,0.7071067811865474,-1.0,1.0,2
2026-03-14 21:10:00,57.0,29.1,79.0,0.8460657288844224,-0.7071067811865477,0.7071067811865474,0.0,0.0,2
2026-03-14 21:30:00,38.0,29.9,79.0,0.8859455632713722,-0.7071067811865477,0.7071067811865474,-19.0,-20.0,2
2026-03-14 21:40:00,39.0,29.4,79.0,0.8608337123696792,-0.7071067811865477,0.7071067811865474,1.0,-18.0,2
2026-03-14 22:00:00,38.0,29.7,76.0,1.0009433271959045,-0.5000000000000004,0.8660254037844384,-1.0,-19.0,2
2026-03-14 22:10:00,38.0,29.2,76.0,0.9725299505397724,-0.5000000000000004,0.8660254037844384,0.0,0.0,2
2026-03-14 22:30:00,39.0,29.6,75.0,1.0366704125300137,-0.5000000000000004,0.8660254037844384,1.0,0.0,2
2026-03-14 22:40:00,33.0,29.3,75.0,1.018912301440246,-0.5000000000000004,0.8660254037844384,-6.0,-5.0,2
2026-03-14 23:00:00,33.0,29.7,75.0,1.0426492991624006,-0.25881904510252157,0.9659258262890681,0.0,-5.0,2
2026-03-14 23:10:00,55.0,29.6,75.0,1.0366704125300137,-0.25881904510252157,0.9659258262890681,22.0,16.0,2
2026-03-14 23:30:00,36.0,29.0,76.0,0.9613626240206208,-0.25881904510252157,0.9659258262890681,-19.0,3.0,2
2026-03-14 23:40:00,36.0,29.4,76.0,0.9838099569939192,-0.25881904510252157,0.9659258262890681,0.0,3.0,2
2026-03-15 00:00:00,37.0,29.2,76.0,0.9725299505397724,0.0,1.0,1.0,-18.0,2
2026-03-15 00:10:00,36.0,29.5,77.0,0.9482636579576718,0.0,1.0,-1.0,0.0,2
2026-03-15 00:30:00,38.0,29.2,77.0,0.9320078692672817,0.0,1.0,2.0,2.0,2
2026-03-15 00:40:00,37.0,29.0,77.0,0.9213058480197618,0.0,1.0,-1.0,0.0,2
2026-03-15 01:00:00,37.0,29.8,77.0,0.9647655005109872,0.25881904510252074,0.9659258262890683,0.0,1.0,2
2026-03-15 01:10:00,37.0,29.7,77.0,0.9592373552294085,0.25881904510252074,0.9659258262890683,0.0,-1.0,2
2026-03-15 01:30:00,36.0,29.2,77.0,0.9320078692672817,0.25881904510252074,0.9659258262890683,-1.0,-1.0,2
2026-03-15 01:40:00,36.0,29.3,77.0,0.9373993173250263,0.25881904510252074,0.9659258262890683,0.0,-1.0,2
2026-03-15 02:00:00,35.0,29.5,76.0,0.9894925126514833,0.49999999999999994,0.8660254037844387,-1.0,-2.0,2
2026-03-15 02:10:00,36.0,29.0,77.0,0.9213058480197618,0.49999999999999994,0.8660254037844387,1.0,0.0,2
2026-03-15 02:30:00,37.0,29.6,77.0,0.9537367795276124,0.49999999999999994,0.8660254037844387,1.0,1.0,2
2026-03-15 02:40:00,36.0,28.4,79.0,0.8124613804710412,0.49999999999999994,0.8660254037844387,-1.0,1.0,2
2026-03-15 03:00:00,36.0,28.1,78.0,0.8364389383729534,0.7071067811865476,0.7071067811865476,0.0,0.0,2
2026-03-15 03:10:00,54.0,28.8,79.0,0.8315186522056548,0.7071067811865476,0.7071067811865476,18.0,17.0,2
2026-03-15 03:30:00,35.0,28.5,78.0,0.8561034968607473,0.7071067811865476,0.7071067811865476,-19.0,-1.0,2
2026-03-15 03:50:00,35.0,28.1,78.0,0.8364389383729534,0.7071067811865476,0.7071067811865476,0.0,-1.0,2
2026-03-15 04:00:00,36.0,28.0,78.0,0.8315846800789579,0.8660254037844386,0.5000000000000001,1.0,-18.0,2
2026-03-15 04:20:00,35.0,28.3,78.0,0.8462215019254806,0.8660254037844386,0.5000000000000001,-1.0,0.0,2
2026-03-15 04:30:00,36.0,28.9,79.0,0.8363433047888678,0.8660254037844386,0.5000000000000001,1.0,1.0,2
2026-03-15 04:50:00,35.0,28.0,79.0,0.793785376439005,0.8660254037844386,0.5000000000000001,-1.0,-1.0,2
2026-03-15 05:00:00,55.0,28.7,79.0,0.8267182356194418,0.9659258262890683,0.25881904510252074,20.0,20.0,2
2026-03-15 05:20:00,35.0,28.7,79.0,0.8267182356194418,0.9659258262890683,0.25881904510252074,-20.0,-1.0,2
2026-03-15 05:30:00,37.0,28.3,79.0,0.8077568882015949,0.9659258262890683,0.25881904510252074,2.0,2.0,2
2026-03-15 05:50:00,36.0,28.6,80.0,0.7828018597359687,0.9659258262890683,0.25881904510252074,-1.0,-19.0,2
2026-03-15 06:00:00,35.0,28.4,81.0,0.7350841061404658,1.0,6.123233995736766e-17,-1.0,0.0,2
2026-03-15 06:20:00,35.0,28.5,82.0,0.7004483156133392,1.0,6.123233995736766e-17,0.0,-2.0,2
2026-03-15 06:30:00,54.0,28.6,83.0,0.6653815807755734,1.0,6.123233995736766e-17,19.0,18.0,2
2026-03-15 06:50:00,35.0,28.6,83.0,0.6653815807755734,1.0,6.123233995736766e-17,-19.0,0.0,2
2026-03-15 07:00:00,35.0,28.7,82.0,0.7086156305309506,0.9659258262890683,-0.25881904510252063,0.0,0.0,2
2026-03-15 07:20:00,35.0,28.5,82.0,0.7004483156133392,0.9659258262890683,-0.25881904510252063,0.0,-19.0,2
2026-03-15 07:30:00,34.0,28.3,82.0,0.6923630470299389,0.9659258262890683,-0.25881904510252063,-1.0,-1.0,2
2026-03-15 07:50:00,35.0,28.3,83.0,0.6538984333060531,0.9659258262890683,-0.25881904510252063,1.0,0.0,2
2026-03-15 08:00:00,35.0,28.3,82.0,0.6923630470299389,0.8660254037844387,-0.4999999999999998,0.0,0.0,2
2026-03-15 08:20:00,33.0,28.2,81.0,0.7265926834302694,0.8660254037844387,-0.4999999999999998,-2.0,-1.0,2
2026-03-15 08:30:00,32.0,29.3,78.0,0.8966428252674161,0.8660254037844387,-0.4999999999999998,-1.0,-3.0,2
2026-03-15 08:50:00,31.0,29.2,76.0,0.9725299505397724,0.8660254037844387,-0.4999999999999998,-1.0,-4.0,2
2026-03-15 09:00:00,31.0,29.1,74.0,1.0475099500473801,0.7071067811865476,-0.7071067811865475,0.0,-2.0,2
2026-03-15 09:20:00,59.0,29.5,76.0,0.9894925126514833,0.7071067811865476,-0.7071067811865475,28.0,27.0,2
2026-03-15 09:30:00,39.0,29.1,73.0,1.0877987942799718,0.7071067811865476,-0.7071067811865475,-20.0,8.0,2
2026-03-15 09:50:00,40.0,29.5,66.0,1.4017810595896014,0.7071067811865476,-0.7071067811865475,1.0,9.0,2
2026-03-15 10:00:00,57.0,30.3,66.0,1.4676526301760076,0.49999999999999994,-0.8660254037844387,17.0,-2.0,2
2026-03-15 10:20:00,55.0,30.8,65.0,1.5545918846642781,0.49999999999999994,-0.8660254037844387,-2.0,16.0,2
2026-03-15 10:30:00,39.0,30.3,65.0,1.5108188840047139,0.49999999999999994,-0.8660254037844387,-16.0,-1.0,2
2026-03-15 10:50:00,39.0,30.0,65.0,1.4850727705656546,0.49999999999999994,-0.8660254037844387,0.0,-18.0,2
2026-03-15 11:00:00,58.0,31.2,65.0,1.590399855325892,0.258819045102521,-0.9659258262890682,19.0,3.0,2
2026-03-15 11:20:00,35.0,31.8,66.0,1.5984423201304288,0.258819045102521,-0.9659258262890682,-23.0,-4.0,2
2026-03-15 11:50:00,40.0,31.9,65.0,1.6547903751309039,0.258819045102521,-0.9659258262890682,5.0,1.0,2
2026-03-15 12:10:00,40.0,31.7,65.0,1.636166063174176,1.2246467991473532e-16,-1.0,0.0,-18.0,2
2026-03-15 12:20:00,39.0,31.5,62.0,1.7563861831496919,1.2246467991473532e-16,-1.0,-1.0,4.0,2
2026-03-15 12:40:00,40.0,32.0,61.0,1.854362404542107,1.2246467991473532e-16,-1.0,1.0,0.0,2
2026-03-15 12:50:00,37.0,31.3,63.0,1.690860923588494,1.2246467991473532e-16,-1.0,-3.0,-3.0,2
2026-03-15 13:10:00,58.0,31.8,64.0,1.6924683389616306,-0.2588190451025208,-0.9659258262890683,21.0,19.0,2
2026-03-15 13:20:00,38.0,31.4,65.0,1.6085710608266401,-0.2588190451025208,-0.9659258262890683,-20.0,-2.0,2
2026-03-15 13:40:00,38.0,31.5,64.0,1.6639448050891814,-0.2588190451025208,-0.9659258262890683,0.0,1.0,2
2026-03-15 13:50:00,57.0,32.9,60.0,2.00080059244458,-0.2588190451025208,-0.9659258262890683,19.0,-1.0,2
2026-03-15 14:10:00,37.0,32.7,62.0,1.879525134660343,-0.4999999999999997,-0.8660254037844388,-20.0,-1.0,2
2026-03-15 14:20:00,37.0,32.5,65.0,1.711772625588238,-0.4999999999999997,-0.8660254037844388,0.0,-1.0,2
2026-03-15 14:40:00,38.0,32.0,62.0,1.806814650579489,-0.4999999999999997,-0.8660254037844388,1.0,-19.0,2
2026-03-15 14:50:00,38.0,31.3,62.0,1.7365598674692642,-0.4999999999999997,-0.8660254037844388,0.0,1.0,2
2026-03-15 15:10:00,36.0,32.5,61.0,1.9074037827983226,-0.7071067811865471,-0.7071067811865479,-2.0,-1.0,2
2026-03-15 15:20:00,35.0,32.0,59.0,1.9494579124673437,-0.7071067811865471,-0.7071067811865479,-1.0,-3.0,2
2026-03-15 15:40:00,35.0,32.5,60.0,1.956311572100844,-0.7071067811865471,-0.7071067811865479,0.0,-3.0,2
2026-03-15 15:50:00,32.0,32.3,62.0,1.8376714597837611,-0.7071067811865471,-0.7071067811865479,-3.0,-4.0,2
